first_name,middle_name,last_name,preferred_name
Art,,Mills,
Ben,,Goodlund,
Renate,,Behrens,
Asher,,Estrin-Haire,
Ashlie,,Castaldo,
Bill,,Walsh,
Bob,"""Again""",Carney,
David,,Clark,
Ean,Thomas,Tafoya,
Deborah,,Ortega,Debbie
Brad,,DeVos,
Brandy,,Wentzler,
Brian,,Hunke,
Bruce,Firmin,Woodman,
Byron,L.,Schwab,
Carlo,,Franco,
C.,Colin,Cox,
Kelly,,Brough,
Kelly,,Brough,
Lisa,,Calder√≥n,
Allie,,Schmidt,
Amy,,Hennen,
Andrea,,Jenkins,
Robert,,Treta,
Mike,,Johnston,
Mike,,Johnston,
Andy,,Rougeot,
James,,Walsh,
Kwame,,Spearman,
Terrance,,Roberts,
Al,,Gardner,
Andrea,,West,
Thomas,,Wolf,
Aurelio,,Martinez,
Trinidad,,Rodriguez,
Anika,,Bowie,
Arik,,Forsman,
Lyle,,Howg,
Steven,J.,Keranen,
Dale,N.,Erickson,
Dale,,Promersberger,
Erika,,Stoltzman,
Rich,,Mastin,
Colby,,Abazs,
Mark,,Haarman,
Steven,,Marolt,
Michelle,,Cote,
Paul,LF,Reese,
Eric,,Mickelson,
Kermit,,Jensen,
Tim,,Palmquist,
Bob,,Byers,
Bob,,Kunz,
Otis,,Ostendorf,
Bill,,Spitzer,
Joshua,,Elsing,
Jack,,Nelson,
Joe,,Baltich,
Aaron,,Kuznia,
Alan,,Holasek,
Alanna,,Oswald,
Alissa,Daire,Nelson,
Celia,,Anderson,
Chao,,Moua,
Charles,,McCready,
Chauntyll,,Allen,
Cheniqua,,Johnson,
Cheryl,,Barry,
Chris,,Lauer,
Chris,,Lyden,
Craig,,Angrimson,
Dan,,Olson,
Darcie,,Pierson,
Dave,,Bartholomay,
David,,Greenwood-Sanchez,
David,,Simmer,
Dwayne,A.,Lowman,
Elliot,,Mann,
Elliott,,Payne,
Emily,,Koski,
Erica,,Valliant,
Erin,,Heers-McArdle,
Gillian,,Rosenquist,
Ginka,,Tarnowski,
Hal,,Gray,
Heather,,Starks,
Heidi,,Caccamo,
Heidi,,Danielson,
Heidi,,Marty,
Henry,L.,Banks,
Howie,,Hanson,
Hwa,Jeong,Kim,
Isaac,,Russell,
Jackie,,Magnuson,
Jaime,,KoKaisel,
Jake,,Karnopp,
Jane,,Schneeweis,
Janet,,Kennedy,
Jason,,Chavez,
Jeff,,Charlesworth,
Jeff,,Haggerty,
Jenna,,Yeakle,
Jesse,,Peterson,
Jim,,DeMay,
Jim,,Wassenberg,
Joe,,Holl,
John,,Ficcadenti,
Jonathan,A.,Minks,
Jonathan,,Weinhagen,
Joshua,,Weisenfeld,
Julie,A.,Mead,
Justin,,Phillips,
Karl,,Crump,
Kartumu,,King,
Kate,,Mortenson,
Katie,,Cashman,
Kelly,,McClellan,
Keri,,Johnson,
Kissy,C.,Coakley,
LaTrisha,M.,Vetaw,
Leah,,Gardner,
Linda,,Hoekman,
Linea,,Palmisano,
Liz,,Niemioja,
Lona,,Doolan,
Loren,,Martell,
Lucky,Tiger,Jack,
Luqman,,Abdi,
Luther,,Ranheim,
Lynn,Marie,Nephew,
Mariah,,Ring,
Matt,,Bruns,
Matthew,,Meissner,
Matthew,,Moses,
Matt,,Percy,
Matt,,Seeger,
Maurice,,Harris,
Maxwell,,Collins,
Mia,,Olson,
Michael,,Spear,
Michael,S.,Ruhland,
Michelle,,Langenfeld,
Mike,,Boguszewski,
Miranda,,Pacheco,
Mitra,,Jalali,
Morgan,,Steele,
Nadia,,Mohamed,
Nasri,,Warsame,
Nathaniel,James,Rankin,
Nelly,,Korman,
Nici,,Dorner,
Omar,,Syed,
Pam,,Tollefson,
Patrick,,Hanlon,
Patsy,,Foster-Bolton,
Paula,,Mielke,
Paula,,Ramaley,
Paul,,King,
Paul,,Wikstrom,
Randall,J,Johnson,
Randy,,Gustafson,
Randy,,Stille,
Rebecca,,Schack,
Ricardo,,Oliva,
Richard,,Brainerd,
Robert,David,Schieve,
Robin,,Wonsley,
Rob,,Rafferty,
Roger,J,Reinert,
Rose,Wan-Mui,Chu,
Roslyn,,Harmon,
Rowen,,Elsmore,
Roz,,Randorf,
Ryan,,Clarke,
Sachin,,Isaacs,
Salaam,F.,Witherspoon,
Sarah,,Mikesell,
Sara,,Jones,
Satonia,,Moore,
Saul,,Eugene,
Saura,,Jost,
Shannon,,Andreson,
Shanon,,Nowell,
Shawn,A.,Savela,
Shawn,,Nelson,
Sophia,,Ginis,
Stephanie,,Williams,
Steve,,McChesney,
Steven,,Engstran,
Suz,,Woehrle,
Tami,,Klimpel,
Tara,,Swenson,
Taylor,,Williams,
Ted,,Nearman,
Therese,,Wisocki,
Thomas,,Randle,
Tim,,Busse,
Timothy,L.,Meyer,
Todd,,Anderson,
Tony,,Easter,
Valerie,,Joeckel,
Wendy,,Durrwachter,
Wendy,,Webster,
Yusef,,Carrillo,
Zach,,Arco,
Zhiming,,Zhao,
Aaron,,Brooksby,
Abdi,S.,Omer,
Adam,,Cinelli,
Adam,,Maier,
Aimee,,Perreault-Smith,
Aisha,,Chughtai,
Alan,,Beck,
Alan,,Schulzetenberg,
Alexander,,Bourne,
Alex,,Rudich,
Allen,,Wieling,
Al,,Noard,
Al,Viall,Jr,
Amanda,,Carlin,
Amanda,,Hird,
Amanda,,O'Byrne,
Amy,,Fontaine,
Andre,M.,Koen,
Aaron,,Olson,
Arlen,R,Brekke,
Angela,,Williams,
Anna,,Williams,
Anthony,,Mahmood,
Aurin,,Chowdhury,
Jamal,,Osman,
Barbara,,Kessler,
Ben,,Phillip,
Bernadine,,Sauter,
Beth,,Johnson,
Bob,,Sullentrop,
Bonnie,,Burton,
Brandon,L.,Voges,
Daiv,,Freeman,
Brian,,Roath,
Brian,,Wermerskirchen,
Brooke,Ann,Roper,
Bruce,,Colton,
Bruce,,Dachis,
Carolyn,,Karschnik,
Carrie,,Michels,
Casey,,Prochniak,
Cassandra,,Palmer,
Catherine,,Decker,
Chad,,Borseth,
Chad,,Pedersen,
Charlene,Whitbred,Hemmingson,
Charlie,,Rustman,
Cheryl,,Ekstrand,
Chris,,Kratoska,
Christopher,,Reffkin,
Christopher,,Stowe,
Chuck,,Zieman,
Clay,,Krueger,
Cory,,Johnson,
Cory,,Schroeder,
Gabrielle,M,Prosser,
Cyrus,,Wilson,
Dale,A.,Anderson,
Dale,,Johnson,
Dana,,Minion,
Danelle,,Porter,
Dan,,Freeman,
Dan,,Ginestra,
Daniel,,Ohmacht,
Daniel,,Orban,
Dan,,Vick,
Dan,,Wilder,
Dave,,Colling,
David,G.,Larson,
David,,Haeg,
David,,Ubl,
David,W.,Olson,
Dennis,,Guza,
Dino,,Guerin,
Doug,,Gregor,
Dustin,,Shourds,
Ed,,Johnson,
Edna,,Reichle-Terry,
Edwin,B.,Fruit,
Eric,,Seanger,
Eric,,Sonnenberg,
Erik,,Keeler,
Evelyn,,Martini,
Fekadu,Kassa,Ayichew,
Angie,,Olson,
Foua-Choua,,Khang,
Gary,B,Unger,
Genevieve,,Swenson,
George,,Grosam,
Gina,,Swaney,
Gita,Rijal,Zeitler,
Gregg,,Westerberg,
Greg,,Kline,
Guy,T,Gaskin,
Isaak,,Rooble,
Jake,,Klingner,
James,,Hanna,
James,,Lo,
Janelle,,Collier,
Janelle,,Sowers,
Jean,,Kidd,
Jeff,,Zeitler,
Jenna,,Carter,
Jessica,L,Johnson,
Jenny,,Wiederholt-Pine,
Jeremiah,Bey,Ellison,
Jeremy,,Voss,
John,D.,Regier,
John,J.,Quinn,
Jon,,Skelton,
Jon,,VanOeveren,
Josh,,Smith,
Julie,,Brugman,
J.W.,,Starrett,
Kaj,,Thompson,
Karen,,Jordan,
Kari,,Miller,
Kathi,,Gruenhagen,
Kayseh,,Magan,
Kellee,,Peterson,
Kelly,,Mullan,
Kemerie,,Foss,
Ken,,Liss,
Kenneth,C.,Foxworth,
Ken,,Rossow,
Kim,,Bauer,
Keith,,Fischer,
Keith,,Franke,
Kirk,R,Spencer,
Kristin,,Papke,
Krystal,,Loula,
Kyle,,Blanchard,
Kim,,Humann,
Kyle,,Sanders,
Langa,,Oriho,
Laurel,,Hood,
Leigh,,Volkman,
Leo,,Irlbeck,
Leslie,,Davis,
Lona,,Dallessandro,
Lori,,Opatz,
Lori,,Urkiel,
Lynnae,,Bina,
Marcus,,Mills,
Mariam,T,Siddiqui,
Mark,J.,Turtle,
Mark,,Kelliher,
Marty,,Duncan,
Marvina,,Haynes,
Mary,G.,O'Connor,
Bill,,Hosko,
Matthew,,Hoekstra,
Matthew,,Widboom,
Matt,,Perreault,
Matt,,Schaefer,
Melinda,,Dols,
Molly,,Schaefer,
Melissa,,Field,
Melissa,,Millner,
Michael,,Rainville,
Michelle,,Pettway,
Mike,,Hartley,
Pamela,J,Onnen,
Moshe,,Goldberger,
Nancy,,Blanchard,
Nancy,,Ford,
Nate,,Nins,
Nelsie,,Yang,
Nicole,,Burg,
Noval,,Noir,
Pa,Der,Vang,
Pam,,Brons,
Paras,,Bhende,
Patrick,S.,Poirier,
Patty,,Hartmann,
Robert,,Bushard,
Paula,,Cole,
Paul,,Baudhuin,
Paul,Brian,Sandel,
Sarah,,Aadland,
Peter,,Brown,
Peter,K.,Butler,
Scott,,Simmons,
Philip,,Biermaier,
Phillip,"""OMac""",Peterson,OMac
Priscilla,Kathryn,Dimbo,
Ralph,,Harrison,
Stacey,,Raddatz,
Ramont,Harder,Schrock,
Randi,,Walz,
Rebecca,,Noecker,
Reed,,Gilkey,
Richard,,McNutt,
Rich,,Priore,
Rita,,Rassbach,
Timothy,J,Hitchings,
Robert,E.,Knettel,
Robert,,Hendel,
Roger,,Ungemach,
Rory,,Roth,
Ryan,,Leonzal,
Ryan,,McLaughlin,
Ryan,,Ness,
Sally,,Browne,
Shana,,Dukes,
Sharon,,Ornquist,
Sherry,,Warrick,
Zach,,Lindstrom,
Simi,,Patnaik,
Soren,,Stevenson,
Stacey,,Sheffield,
Stephanie,,Olson,
Steve,,Grindsteinner,
Steven,,Schmidt,
Susan,,Witt,
Emily,,Larson,
Tanya,,Foote,
Tasha,,Scullard,
Teressa,,Schlueter,
Terri,L.,Benson,
Terry,,Clark,
Terry,,White,
Tiger,,Worku,
Tim,,Aune,
Tim,,Conrad,
Tim,,Jones,
Tom,,Fast,
Tony,,Newman,
Tracy,,Stuewe,
Travis,,Helkamp,
Travis,,Ludwig,
Troy,,Barksdale,
Tyler,,Fruechte,
Valentina,,Eyres,
Valerie,,Ommodt,
Vaughn,,Klingenberg,
Victor,,Martinez,
Victor,,Rivas,
Sandra,,Johnson,
Yan,,Chen,
Yolanda,,Farris,
Zach,,Metzger,
Bill,,Kautt,
Zuki,,Ellis,
Michael,,Remucal,
Jennifer,,Huwe,
Richard,,Hess,
Danielle,,Grunewald,
Sheila,,Prior,
Bill,,Weber,
Virginia,,Mancini,
Paul,B.,Hartshorn,
Ceara,,Solheim,
Scott,,Graham,
Leslie,,Herod,
Ibsen,,Gabriel,
Chris,,Hansen,
William,,Hendricks,Bill
John,Randal,Wilcox,
