State,County ID,Precinct ID,Precinct Name,"Has Reported Statistics (1 = yes, 0 = no)",Number of Voters Registered as of 7:00 a.m. Election Day,Number of Voters that Registered on Election Day,Number of Signatures on the Polling Place Roster,"Number of Regular, Military, and Overseas Absentee Ballots",Number of Federal-Only Absentee Ballots,Number of President-Only Absentee Ballots,Total Number Voted
MN,02,0705,CIRCLE PINES P-1,0,0,0,0,0,0,0,0
MN,02,0710,CIRCLE PINES P-2,0,0,0,0,0,0,0,0
MN,02,2205,LINO LAKES P-1,0,0,0,0,0,0,0,0
MN,02,2210,LINO LAKES P-2,0,0,0,0,0,0,0,0
MN,02,2215,LINO LAKES P-3,0,0,0,0,0,0,0,0
MN,02,2220,LINO LAKES P-4,0,0,0,0,0,0,0,0
MN,02,2225,LINO LAKES P-5,0,0,0,0,0,0,0,0
MN,02,2230,LINO LAKES P-6,0,0,0,0,0,0,0,0
MN,02,2235,LINO LAKES P-7,0,0,0,0,0,0,0,0
MN,02,8033,ISD 15 P2 OAK GROVE CITY HALL,0,0,0,0,0,0,0,0
MN,02,8034,ISD 15 P3 EAST BETHEL SR CENTER,0,0,0,0,0,0,0,0
MN,02,8038,ISD 13 P1 - VALLEY VIEW ELEMENTARY SCHOOL,0,0,0,0,0,0,0,0
MN,02,8039,ISD 13 P2 - HIGHLAND ELEMENTARY SCHOOL,0,0,0,0,0,0,0,0
MN,02,8040,ISD 14 P1 FRIDLEY COMMUNITY CENTER,0,0,0,0,0,0,0,0
MN,02,8041,ISD 16 P1 WOODCREST ELEMENTARY,0,0,0,0,0,0,0,0
MN,02,8042,ISD 16 P2 NTL. SPORTS CTR - THE WELCOME CTR,0,0,0,0,0,0,0,0
MN,02,8044,ISD 15 P1 CENTRAL SERVICES CENTER,0,0,0,0,0,0,0,0
MN,02,9359,ISD 11 SB1 P1 - RAMSEY MUNICIPAL CENTER,0,0,0,0,0,0,0,0
MN,02,9361,ISD 11 SB1 P3 - ANOKA COVENANT CHURCH,0,0,0,0,0,0,0,0
MN,02,9362,ISD 11 SB1 P4 - ZION LUTHERAN CHURCH,0,0,0,0,0,0,0,0
MN,02,9363,ISD 11 SB1 P5 - GREENHAVEN COUNTRY CLUB,0,0,0,0,0,0,0,0
MN,02,9364,ISD 11 SB2 P1 - BRIDGEWOOD COMMUNITY CHURCH,0,0,0,0,0,0,0,0
MN,02,9365,ISD 11 SB2 P2 - OAK PARK COMMUNITY CHURCH,0,0,0,0,0,0,0,0
MN,02,9366,ISD 11 SB2 P3 - BLAINE UNITED METHODIST CHURCH,0,0,0,0,0,0,0,0
MN,02,9367,ISD 11 SB2 P4 - KING OF GLORY CHURCH,0,0,0,0,0,0,0,0
MN,02,9368,ISD 11 SB2 P5 - BUNKER HILLS GOLF CLUB,0,0,0,0,0,0,0,0
MN,02,9376,ISD 11 SB5 P5 - SPRINGBROOK NATURE CENTER,0,0,0,0,0,0,0,0
MN,02,9377,ISD 11 SB5 P6 - EMMA B HOWE YMCA - COMMUNITY ROOM,0,0,0,0,0,0,0,0
MN,02,9378,ISD 11 SB5 P7 - SPIRIT OF GRACE CHURCH,0,0,0,0,0,0,0,0
MN,02,9658,ISD 11 SB1 P2 - PUBLIC WORKS BUILDING,0,0,0,0,0,0,0,0
MN,03,8079,ISD 2889 LPA ELEMENTARY SCHOOL,0,0,0,0,0,0,0,0
MN,03,8993,ISD 2889 LPA HIGH SCHOOL,0,0,0,0,0,0,0,0
MN,04,0005,ALASKA TWP,0,0,0,0,0,0,0,0
MN,04,0010,BATTLE TWP,0,0,0,0,0,0,0,0
MN,04,0015,BEMIDJI TWP,0,0,0,0,0,0,0,0
MN,04,0020,BEMIDJI W-1,0,0,0,0,0,0,0,0
MN,04,0025,BEMIDJI W-2,0,0,0,0,0,0,0,0
MN,04,0030,BEMIDJI W-3,0,0,0,0,0,0,0,0
MN,04,0035,BEMIDJI W-4,0,0,0,0,0,0,0,0
MN,04,0040,BEMIDJI W-5,0,0,0,0,0,0,0,0
MN,04,0045,BENVILLE TWP,0,0,0,0,0,0,0,0
MN,04,0050,BIRCH TWP,0,0,0,0,0,0,0,0
MN,04,0055,BLACKDUCK,0,0,0,0,0,0,0,0
MN,04,0060,BUZZLE TWP,0,0,0,0,0,0,0,0
MN,04,0065,CORMANT TWP,0,0,0,0,0,0,0,0
MN,04,0070,DURAND TWP,0,0,0,0,0,0,0,0
MN,04,0075,ECKLES TWP,0,0,0,0,0,0,0,0
MN,04,0080,FROHN TWP,0,0,0,0,0,0,0,0
MN,04,0085,FUNKLEY,0,0,0,0,0,0,0,0
MN,04,0090,GRANT VALLEY TWP,0,0,0,0,0,0,0,0
MN,04,0095,HAGALI TWP,0,0,0,0,0,0,0,0
MN,04,0100,HAMRE TWP,0,0,0,0,0,0,0,0
MN,04,0105,HINES TWP,0,0,0,0,0,0,0,0
MN,04,0110,HORNET TWP,0,0,0,0,0,0,0,0
MN,04,0115,JONES TWP,0,0,0,0,0,0,0,0
MN,04,0120,KELLIHER,0,0,0,0,0,0,0,0
MN,04,0125,KELLIHER TWP,0,0,0,0,0,0,0,0
MN,04,0130,LAMMERS TWP,0,0,0,0,0,0,0,0
MN,04,0135,LANGOR TWP,0,0,0,0,0,0,0,0
MN,04,0140,LEE TWP,0,0,0,0,0,0,0,0
MN,04,0145,LIBERTY TWP,0,0,0,0,0,0,0,0
MN,04,0150,MAPLE RIDGE TWP,0,0,0,0,0,0,0,0
MN,04,0155,MINNIE TWP,0,0,0,0,0,0,0,0
MN,04,0160,MOOSE LAKE TWP,0,0,0,0,0,0,0,0
MN,04,0165,NEBISH TWP,0,0,0,0,0,0,0,0
MN,04,0170,NORTHERN TWP,0,0,0,0,0,0,0,0
MN,04,0175,O'BRIEN TWP,0,0,0,0,0,0,0,0
MN,04,0180,PONEMAH PREC,0,0,0,0,0,0,0,0
MN,04,0185,PORT HOPE TWP,0,0,0,0,0,0,0,0
MN,04,0190,QUIRING TWP,0,0,0,0,0,0,0,0
MN,04,0195,RED LAKE AGENCY PREC,0,0,0,0,0,0,0,0
MN,04,0200,REDBY PREC,0,0,0,0,0,0,0,0
MN,04,0202,LITTLE ROCK,0,0,0,0,0,0,0,0
MN,04,0205,ROOSEVELT TWP,0,0,0,0,0,0,0,0
MN,04,0210,SHOOKS TWP,0,0,0,0,0,0,0,0
MN,04,0215,SHOTLEY TWP,0,0,0,0,0,0,0,0
MN,04,0220,SOLWAY,0,0,0,0,0,0,0,0
MN,04,0225,SPRUCE GROVE TWP,0,0,0,0,0,0,0,0
MN,04,0230,STEENERSON TWP,0,0,0,0,0,0,0,0
MN,04,0235,SUGAR BUSH TWP,0,0,0,0,0,0,0,0
MN,04,0240,SUMMIT TWP,0,0,0,0,0,0,0,0
MN,04,0245,TAYLOR TWP,0,0,0,0,0,0,0,0
MN,04,0250,TEN LAKE TWP,0,0,0,0,0,0,0,0
MN,04,0255,TENSTRIKE,0,0,0,0,0,0,0,0
MN,04,0260,TURTLE LAKE TWP,0,0,0,0,0,0,0,0
MN,04,0265,TURTLE RIVER,0,0,0,0,0,0,0,0
MN,04,0270,TURTLE RIVER TWP,0,0,0,0,0,0,0,0
MN,04,0275,UNORG DIST 1,0,0,0,0,0,0,0,0
MN,04,0280,UNORG DIST 2,0,0,0,0,0,0,0,0
MN,04,0285,UNORG DIST 3,0,0,0,0,0,0,0,0
MN,04,0290,WASKISH TWP,0,0,0,0,0,0,0,0
MN,04,0295,WILTON,0,0,0,0,0,0,0,0
MN,04,0300,WOODROW TWP,0,0,0,0,0,0,0,0
MN,06,8907,ISD NO. 2888 CLINTON-GRACEVILLE-BEARDSLEY,0,0,0,0,0,0,0,0
MN,06,9815,ISD 2853 - BIG STONE COUNTY - CITY OF APPLETON - C,0,0,0,0,0,0,0,0
MN,07,8065,ISD 77 EAGLE LAKE CITY HALL PCT E,0,0,0,0,0,0,0,0
MN,07,8066,ISD 77 MADISON LAKE COMM CTR PCT F,0,0,0,0,0,0,0,0
MN,07,9447,ISD 77 HILLSIDE ASSEMBLY OF GOD PCT A,0,0,0,0,0,0,0,0
MN,07,9449,ISD 77 BETHEL BAPTIST CHURCH PCT C,0,0,0,0,0,0,0,0
MN,07,9451,ISD 77 ST JOSEPH CHURCH PCT D,0,0,0,0,0,0,0,0
MN,07,9453,ISD 77 HOSANNA CHURCH PRECINCT B,0,0,0,0,0,0,0,0
MN,09,8027,ISD NO. 91 BARNUM,0,0,0,0,0,0,0,0
MN,09,8031,ISD NO. 93 CARLTON,0,0,0,0,0,0,0,0
MN,10,9751,ISD 276 - MNTKA DIST SRVC CTR CHAN P1,0,0,0,0,0,0,0,0
MN,11,8535,SD #186 PEQUOT LAKES/COLE MEMORIAL BUILDING-CASS C,0,0,0,0,0,0,0,0
MN,11,9593,KING ELEMENTARY SCHOOL-CASS CO,0,0,0,0,0,0,0,0
MN,12,8626,ISD NO. 129 MONTEVIDEO,0,0,0,0,0,0,0,0
MN,12,9491,ISD 775 MURDOCK CITY HALL,0,0,0,0,0,0,0,0
MN,12,9492,ISD 775 KERKHOVEN CIVIC CENTER,0,0,0,0,0,0,0,0
MN,12,9819,ISD 2853 - CHIPPEWA COUNTY - CITY OF MILAN - CITY,0,0,0,0,0,0,0,0
MN,13,0065,NORTH BRANCH P-B,0,0,0,0,0,0,0,0
MN,13,0066,NORTH BRANCH P-C,0,0,0,0,0,0,0,0
MN,13,0067,NORTH BRANCH P-A,0,0,0,0,0,0,0,0
MN,13,8376,ISD 139 - RUSH CITY COMMUNITY CENTER,0,0,0,0,0,0,0,0
MN,13,8471,ISD 2144 - LINDSTROM COMMUNITY CENTER,0,0,0,0,0,0,0,0
MN,13,9820,ISD 2144 - CHISAGO LAKES AREA LIBRARY,0,0,0,0,0,0,0,0
MN,13,9821,ISD 2144 - TAYLORS FALLS CITY AHLL,0,0,0,0,0,0,0,0
MN,15,8000,ISD NO. 162 BAGLEY,0,0,0,0,0,0,0,0
MN,15,8890,ISD NO. 2311 CLEARBROOK-GONVICK,0,0,0,0,0,0,0,0
MN,17,8808,ISD 173 MOUNTAIN LAKE PUBLIC SCHOOL,0,0,0,0,0,0,0,0
MN,18,8391,ISD 186 CROSSLAKE CITY HALL,0,0,0,0,0,0,0,0
MN,18,8392,ISD 186 COLE MEMORIAL BUILDING,0,0,0,0,0,0,0,0
MN,18,9071,ISD 182 CROSBY CITY HALL,0,0,0,0,0,0,0,0
MN,18,9072,ISD 182 - DEERWOOD TOWN HALL,0,0,0,0,0,0,0,0
MN,18,9073,ISD 182 EMILY CITY HALL,0,0,0,0,0,0,0,0
MN,18,9074,ISD 182 MISSION TOWN HALL,0,0,0,0,0,0,0,0
MN,19,1010,APPLE VALLEY P-01,0,0,0,0,0,0,0,0
MN,19,1020,APPLE VALLEY P-02,0,0,0,0,0,0,0,0
MN,19,1030,APPLE VALLEY P-03,0,0,0,0,0,0,0,0
MN,19,1040,APPLE VALLEY P-04,0,0,0,0,0,0,0,0
MN,19,1050,APPLE VALLEY P-05,0,0,0,0,0,0,0,0
MN,19,1060,APPLE VALLEY P-06,0,0,0,0,0,0,0,0
MN,19,1070,APPLE VALLEY P-07,0,0,0,0,0,0,0,0
MN,19,1080,APPLE VALLEY P-08,0,0,0,0,0,0,0,0
MN,19,1090,APPLE VALLEY P-09,0,0,0,0,0,0,0,0
MN,19,1100,APPLE VALLEY P-10,0,0,0,0,0,0,0,0
MN,19,1110,APPLE VALLEY P-11,0,0,0,0,0,0,0,0
MN,19,1120,APPLE VALLEY P-12,0,0,0,0,0,0,0,0
MN,19,1130,APPLE VALLEY P-13,0,0,0,0,0,0,0,0
MN,19,1140,APPLE VALLEY P-14,0,0,0,0,0,0,0,0
MN,19,1150,APPLE VALLEY P-15,0,0,0,0,0,0,0,0
MN,19,1160,APPLE VALLEY P-16,0,0,0,0,0,0,0,0
MN,19,4210,ROSEMOUNT P-1,0,0,0,0,0,0,0,0
MN,19,4220,ROSEMOUNT P-2,0,0,0,0,0,0,0,0
MN,19,4230,ROSEMOUNT P-3,0,0,0,0,0,0,0,0
MN,19,4240,ROSEMOUNT P-4,0,0,0,0,0,0,0,0
MN,19,4250,ROSEMOUNT P-5,0,0,0,0,0,0,0,0
MN,19,4260,ROSEMOUNT P-6,0,0,0,0,0,0,0,0
MN,19,4270,ROSEMOUNT P-7,0,0,0,0,0,0,0,0
MN,19,4280,ROSEMOUNT P-8,0,0,0,0,0,0,0,0
MN,19,8054,ISD 192 P1 RAMBLING RIVER CENTER,0,0,0,0,0,0,0,0
MN,19,8055,ISD 192 P2 FARMINGTON LUTHERAN CHURCH,0,0,0,0,0,0,0,0
MN,19,8056,ISD 192 P3 NORTH TRAIL ELEMENTARY SCHOOL,0,0,0,0,0,0,0,0
MN,19,8057,ISD 192 P4 CHURCH OF ST. MICHAEL,0,0,0,0,0,0,0,0
MN,19,8112,ISD 199 P1 - GOOD SHEPHERD CHURCH,0,0,0,0,0,0,0,0
MN,19,8113,ISD 199 P2 - EMANUEL LUTHERAN CHURCH,0,0,0,0,0,0,0,0
MN,19,8230,ISD 197 P1 HERITAGE MIDDLE SCHOOL,0,0,0,0,0,0,0,0
MN,19,8231,ISD 197 P2 ST STEPHEN'S LUTHERAN CHURCH,0,0,0,0,0,0,0,0
MN,19,8232,ISD 197 P3 TWO RIVERS HIGH SCHOOL,0,0,0,0,0,0,0,0
MN,19,8233,ISD 197 P4 FRIENDLY HILLS MIDDLE SCHOOL,0,0,0,0,0,0,0,0
MN,19,8234,ISD 197 P5 EAGAN COMMUNITY CENTER,0,0,0,0,0,0,0,0
MN,19,8244,ISD 196 P1 BEREAN BAPTIST CHURCH,0,0,0,0,0,0,0,0
MN,19,8245,ISD 196 P2 LORD OF LIFE LUTHERAN CHURCH,0,0,0,0,0,0,0,0
MN,19,8247,ISD 196 P10 ST THOMAS BECKET CHURCH,0,0,0,0,0,0,0,0
MN,19,8248,ISD 196 P11 WESCOTT LIBRARY,0,0,0,0,0,0,0,0
MN,19,8249,ISD 196 P12 EAGAN CIVIC ARENA,0,0,0,0,0,0,0,0
MN,19,8250,ISD 196 P13 CHRIST LUTHERAN CHURCH,0,0,0,0,0,0,0,0
MN,19,8251,ISD 196 P14 CHAPEL HILL BAPTIST CHURCH,0,0,0,0,0,0,0,0
MN,19,9130,ISD 196 P9 HOSANNAH CHURCH ROSEMOUNT,0,0,0,0,0,0,0,0
MN,19,9221,ISD NO. 6 SOUTH ST PAUL,0,0,0,0,0,0,0,0
MN,19,9441,ISD 194 P17 EUREKA TOWN HALL,0,0,0,0,0,0,0,0
MN,19,9599,ISD 194 P1 HERITAGE CENTER,0,0,0,0,0,0,0,0
MN,19,9600,ISD 194 P2 ST. JOHN'S LUTHERAN CHURCH,0,0,0,0,0,0,0,0
MN,19,9601,ISD 194 P3 LAKEVILLE SOUTH HIGH SCHOOL,0,0,0,0,0,0,0,0
MN,19,9602,ISD 194 P4 LAKEVILLE SOUTH HIGH SCHOOL,0,0,0,0,0,0,0,0
MN,19,9603,ISD 194 P5 KENWOOD TRAIL MIDDLE SCHOOL,0,0,0,0,0,0,0,0
MN,19,9604,ISD 194 P6 NORTHCROSS LUTHERAN CHURCH,0,0,0,0,0,0,0,0
MN,19,9605,ISD 194 P7 ORCHARD LAKE ELEMENTARY,0,0,0,0,0,0,0,0
MN,19,9606,ISD 194 P8 HOSANNA! LUTHERAN CHURCH,0,0,0,0,0,0,0,0
MN,19,9607,ISD 194 P9 CHURCH OF JESUS CHRIST LDS,0,0,0,0,0,0,0,0
MN,19,9607,ISD 200 CP-1 HOPE LUTHERAN CHURCH,0,0,0,0,0,0,0,0
MN,19,9608,ISD 200 CP-5 ST. JOHN'S LUTHERAN CHURCH,0,0,0,0,0,0,0,0
MN,19,9608,ISD 194 P10 LAKEVILLE WATER TREATMENT FACILITY,0,0,0,0,0,0,0,0
MN,19,9609,ISD 194 P11 MESSIAH LUTHERAN CHURCH,0,0,0,0,0,0,0,0
MN,19,9609,ISD 200 CP-2 OUR SAVIOUR'S LUTHERAN CHURCH,0,0,0,0,0,0,0,0
MN,19,9610,ISD 194 P12 OAK HILLS ELEMENTARY,0,0,0,0,0,0,0,0
MN,19,9611,ISD 194 P13 CHERRY VIEW ELEMENTARY SCHOOL,0,0,0,0,0,0,0,0
MN,19,9611,ISD 200 CP-3 UNITED METHODIST CHURCH,0,0,0,0,0,0,0,0
MN,19,9612,ISD 200 CP-4 ST. PHILIP'S LUTHERAN CHURCH,0,0,0,0,0,0,0,0
MN,19,9614,ISD 194 P16 BUCK HILL SKI RESORT,0,0,0,0,0,0,0,0
MN,19,9615,ISD 194 P14 EMMANUEL CHRISTIAN CENTER,0,0,0,0,0,0,0,0
MN,19,9616,ISD 194 P15 GRACE UNITED METHODIST CHURCH,0,0,0,0,0,0,0,0
MN,21,8796,ISD NO. 213 OSAKIS,0,0,0,0,0,0,0,0
MN,21,9247,ISD 2342 KENSINGTON COMMUNITY CENTER,0,0,0,0,0,0,0,0
MN,23,0155,RUSHFORD,0,0,0,0,0,0,0,0
MN,23,8758,ISD NO. 2198 FILLMORE CENTRAL,0,0,0,0,0,0,0,0
MN,23,8758,ISD NO. 2137 KINGSLAND,0,0,0,0,0,0,0,0
MN,24,9480,ISD NO. 242 ALDEN-CONGER,0,0,0,0,0,0,0,0
MN,25,9625,ISD 200 ST JOHN'S LUTHERAN CHURCH,0,0,0,0,0,0,0,0
MN,26,9248,ISD 2342 KENSINGTON COMMUNITY CENTER,0,0,0,0,0,0,0,0
MN,26,9249,ISD 2342 ELBOW LAKE COMMUNITY BUILDING,0,0,0,0,0,0,0,0
MN,27,0005,BLOOMINGTON W-1 P-01,0,0,0,0,0,0,0,0
MN,27,0010,BLOOMINGTON W-1 P-02,0,0,0,0,0,0,0,0
MN,27,0015,BLOOMINGTON W-1 P-03,0,0,0,0,0,0,0,0
MN,27,0020,BLOOMINGTON W-1 P-04,0,0,0,0,0,0,0,0
MN,27,0025,BLOOMINGTON W-1 P-05,0,0,0,0,0,0,0,0
MN,27,0030,BLOOMINGTON W-1 P-06,0,0,0,0,0,0,0,0
MN,27,0035,BLOOMINGTON W-1 P-07,0,0,0,0,0,0,0,0
MN,27,0040,BLOOMINGTON W-2 P-08,0,0,0,0,0,0,0,0
MN,27,0045,BLOOMINGTON W-2 P-09,0,0,0,0,0,0,0,0
MN,27,0050,BLOOMINGTON W-2 P-10,0,0,0,0,0,0,0,0
MN,27,0055,BLOOMINGTON W-2 P-11,0,0,0,0,0,0,0,0
MN,27,0060,BLOOMINGTON W-2 P-12,0,0,0,0,0,0,0,0
MN,27,0065,BLOOMINGTON W-2 P-13,0,0,0,0,0,0,0,0
MN,27,0070,BLOOMINGTON W-2 P-14,0,0,0,0,0,0,0,0
MN,27,0075,BLOOMINGTON W-2 P-15,0,0,0,0,0,0,0,0
MN,27,0080,BLOOMINGTON W-3 P-16,0,0,0,0,0,0,0,0
MN,27,0085,BLOOMINGTON W-3 P-17,0,0,0,0,0,0,0,0
MN,27,0090,BLOOMINGTON W-3 P-18,0,0,0,0,0,0,0,0
MN,27,0095,BLOOMINGTON W-3 P-19,0,0,0,0,0,0,0,0
MN,27,0100,BLOOMINGTON W-3 P-20,0,0,0,0,0,0,0,0
MN,27,0105,BLOOMINGTON W-3 P-21,0,0,0,0,0,0,0,0
MN,27,0110,BLOOMINGTON W-3 P-22,0,0,0,0,0,0,0,0
MN,27,0115,BLOOMINGTON W-3 P-23,0,0,0,0,0,0,0,0
MN,27,0120,BLOOMINGTON W-3 P-24,0,0,0,0,0,0,0,0
MN,27,0125,BLOOMINGTON W-4 P-25,0,0,0,0,0,0,0,0
MN,27,0130,BLOOMINGTON W-4 P-26,0,0,0,0,0,0,0,0
MN,27,0135,BLOOMINGTON W-4 P-27,0,0,0,0,0,0,0,0
MN,27,0140,BLOOMINGTON W-4 P-28,0,0,0,0,0,0,0,0
MN,27,0145,BLOOMINGTON W-4 P-29,0,0,0,0,0,0,0,0
MN,27,0150,BLOOMINGTON W-4 P-30,0,0,0,0,0,0,0,0
MN,27,0155,BLOOMINGTON W-4 P-31,0,0,0,0,0,0,0,0
MN,27,0850,EDINA P-01,0,0,0,0,0,0,0,0
MN,27,0855,EDINA P-02,0,0,0,0,0,0,0,0
MN,27,0860,EDINA P-03,0,0,0,0,0,0,0,0
MN,27,0865,EDINA P-04,0,0,0,0,0,0,0,0
MN,27,0870,EDINA P-05,0,0,0,0,0,0,0,0
MN,27,0875,EDINA P-06,0,0,0,0,0,0,0,0
MN,27,0880,EDINA P-07,0,0,0,0,0,0,0,0
MN,27,0885,EDINA P-08,0,0,0,0,0,0,0,0
MN,27,0890,EDINA P-09,0,0,0,0,0,0,0,0
MN,27,0895,EDINA P-10,0,0,0,0,0,0,0,0
MN,27,0900,EDINA P-11,0,0,0,0,0,0,0,0
MN,27,0905,EDINA P-12,0,0,0,0,0,0,0,0
MN,27,0910,EDINA P-13,0,0,0,0,0,0,0,0
MN,27,0915,EDINA P-14,0,0,0,0,0,0,0,0
MN,27,0920,EDINA P-15,0,0,0,0,0,0,0,0
MN,27,0925,EDINA P-16,0,0,0,0,0,0,0,0
MN,27,0985,GOLDEN VALLEY P-1,0,0,0,0,0,0,0,0
MN,27,0990,GOLDEN VALLEY P-2,0,0,0,0,0,0,0,0
MN,27,1000,GOLDEN VALLEY P-3,0,0,0,0,0,0,0,0
MN,27,1005,GOLDEN VALLEY P-4,0,0,0,0,0,0,0,0
MN,27,1010,GOLDEN VALLEY P-5,0,0,0,0,0,0,0,0
MN,27,1015,GOLDEN VALLEY P-6,0,0,0,0,0,0,0,0
MN,27,1020,GOLDEN VALLEY P-7,0,0,0,0,0,0,0,0
MN,27,1025,GOLDEN VALLEY P-8,0,0,0,0,0,0,0,0
MN,27,1110,HOPKINS P-01,0,0,0,0,0,0,0,0
MN,27,1115,HOPKINS P-02,0,0,0,0,0,0,0,0
MN,27,1120,HOPKINS P-03,0,0,0,0,0,0,0,0
MN,27,1125,HOPKINS P-04,0,0,0,0,0,0,0,0
MN,27,1130,HOPKINS P-05,0,0,0,0,0,0,0,0
MN,27,1360,MINNEAPOLIS W-1 P-01,0,0,0,0,0,0,0,0
MN,27,1365,MINNEAPOLIS W-1 P-02,0,0,0,0,0,0,0,0
MN,27,1370,MINNEAPOLIS W-1 P-03,0,0,0,0,0,0,0,0
MN,27,1375,MINNEAPOLIS W-1 P-04,0,0,0,0,0,0,0,0
MN,27,1380,MINNEAPOLIS W-1 P-05,0,0,0,0,0,0,0,0
MN,27,1385,MINNEAPOLIS W-1 P-06,0,0,0,0,0,0,0,0
MN,27,1390,MINNEAPOLIS W-1 P-07,0,0,0,0,0,0,0,0
MN,27,1395,MINNEAPOLIS W-1 P-08,0,0,0,0,0,0,0,0
MN,27,1400,MINNEAPOLIS W-1 P-09,0,0,0,0,0,0,0,0
MN,27,1405,MINNEAPOLIS W-1 P-10,0,0,0,0,0,0,0,0
MN,27,1410,MINNEAPOLIS W-1 P-11,0,0,0,0,0,0,0,0
MN,27,1415,MINNEAPOLIS W-2 P-01,0,0,0,0,0,0,0,0
MN,27,1420,MINNEAPOLIS W-2 P-02,0,0,0,0,0,0,0,0
MN,27,1425,MINNEAPOLIS W-2 P-03,0,0,0,0,0,0,0,0
MN,27,1430,MINNEAPOLIS W-2 P-04,0,0,0,0,0,0,0,0
MN,27,1435,MINNEAPOLIS W-2 P-05,0,0,0,0,0,0,0,0
MN,27,1440,MINNEAPOLIS W-2 P-06,0,0,0,0,0,0,0,0
MN,27,1445,MINNEAPOLIS W-2 P-07,0,0,0,0,0,0,0,0
MN,27,1450,MINNEAPOLIS W-2 P-08,0,0,0,0,0,0,0,0
MN,27,1455,MINNEAPOLIS W-2 P-09,0,0,0,0,0,0,0,0
MN,27,1460,MINNEAPOLIS W-3 P-01,0,0,0,0,0,0,0,0
MN,27,1465,MINNEAPOLIS W-3 P-02,0,0,0,0,0,0,0,0
MN,27,1470,MINNEAPOLIS W-3 P-03,0,0,0,0,0,0,0,0
MN,27,1475,MINNEAPOLIS W-3 P-04,0,0,0,0,0,0,0,0
MN,27,1480,MINNEAPOLIS W-3 P-05,0,0,0,0,0,0,0,0
MN,27,1485,MINNEAPOLIS W-3 P-06,0,0,0,0,0,0,0,0
MN,27,1490,MINNEAPOLIS W-3 P-07,0,0,0,0,0,0,0,0
MN,27,1495,MINNEAPOLIS W-3 P-08,0,0,0,0,0,0,0,0
MN,27,1500,MINNEAPOLIS W-3 P-09,0,0,0,0,0,0,0,0
MN,27,1505,MINNEAPOLIS W-3 P-10,0,0,0,0,0,0,0,0
MN,27,1510,MINNEAPOLIS W-3 P-11,0,0,0,0,0,0,0,0
MN,27,1515,MINNEAPOLIS W-3 P-12,0,0,0,0,0,0,0,0
MN,27,1520,MINNEAPOLIS W-4 P-01,0,0,0,0,0,0,0,0
MN,27,1525,MINNEAPOLIS W-4 P-02,0,0,0,0,0,0,0,0
MN,27,1530,MINNEAPOLIS W-4 P-03,0,0,0,0,0,0,0,0
MN,27,1535,MINNEAPOLIS W-4 P-04,0,0,0,0,0,0,0,0
MN,27,1540,MINNEAPOLIS W-4 P-05,0,0,0,0,0,0,0,0
MN,27,1545,MINNEAPOLIS W-4 P-06,0,0,0,0,0,0,0,0
MN,27,1550,MINNEAPOLIS W-4 P-07,0,0,0,0,0,0,0,0
MN,27,1555,MINNEAPOLIS W-4 P-08,0,0,0,0,0,0,0,0
MN,27,1560,MINNEAPOLIS W-4 P-09,0,0,0,0,0,0,0,0
MN,27,1565,MINNEAPOLIS W-5 P-01,0,0,0,0,0,0,0,0
MN,27,1570,MINNEAPOLIS W-5 P-02,0,0,0,0,0,0,0,0
MN,27,1575,MINNEAPOLIS W-5 P-03,0,0,0,0,0,0,0,0
MN,27,1580,MINNEAPOLIS W-5 P-04,0,0,0,0,0,0,0,0
MN,27,1585,MINNEAPOLIS W-5 P-05,0,0,0,0,0,0,0,0
MN,27,1590,MINNEAPOLIS W-5 P-06,0,0,0,0,0,0,0,0
MN,27,1595,MINNEAPOLIS W-5 P-07,0,0,0,0,0,0,0,0
MN,27,1600,MINNEAPOLIS W-5 P-08,0,0,0,0,0,0,0,0
MN,27,1605,MINNEAPOLIS W-5 P-09,0,0,0,0,0,0,0,0
MN,27,1610,MINNEAPOLIS W-6 P-01,0,0,0,0,0,0,0,0
MN,27,1615,MINNEAPOLIS W-6 P-02,0,0,0,0,0,0,0,0
MN,27,1620,MINNEAPOLIS W-6 P-03,0,0,0,0,0,0,0,0
MN,27,1625,MINNEAPOLIS W-6 P-04,0,0,0,0,0,0,0,0
MN,27,1630,MINNEAPOLIS W-6 P-05,0,0,0,0,0,0,0,0
MN,27,1635,MINNEAPOLIS W-6 P-06,0,0,0,0,0,0,0,0
MN,27,1640,MINNEAPOLIS W-6 P-07,0,0,0,0,0,0,0,0
MN,27,1645,MINNEAPOLIS W-6 P-08,0,0,0,0,0,0,0,0
MN,27,1650,MINNEAPOLIS W-6 P-09,0,0,0,0,0,0,0,0
MN,27,1655,MINNEAPOLIS W-7 P-01,0,0,0,0,0,0,0,0
MN,27,1660,MINNEAPOLIS W-7 P-02,0,0,0,0,0,0,0,0
MN,27,1665,MINNEAPOLIS W-7 P-03,0,0,0,0,0,0,0,0
MN,27,1670,MINNEAPOLIS W-7 P-04,0,0,0,0,0,0,0,0
MN,27,1675,MINNEAPOLIS W-7 P-05,0,0,0,0,0,0,0,0
MN,27,1680,MINNEAPOLIS W-7 P-06,0,0,0,0,0,0,0,0
MN,27,1685,MINNEAPOLIS W-7 P-07,0,0,0,0,0,0,0,0
MN,27,1690,MINNEAPOLIS W-7 P-08,0,0,0,0,0,0,0,0
MN,27,1695,MINNEAPOLIS W-7 P-09,0,0,0,0,0,0,0,0
MN,27,1700,MINNEAPOLIS W-7 P-10,0,0,0,0,0,0,0,0
MN,27,1705,MINNEAPOLIS W-7 P-11,0,0,0,0,0,0,0,0
MN,27,1710,MINNEAPOLIS W-7 P-12,0,0,0,0,0,0,0,0
MN,27,1715,MINNEAPOLIS W-8 P-01,0,0,0,0,0,0,0,0
MN,27,1720,MINNEAPOLIS W-8 P-02,0,0,0,0,0,0,0,0
MN,27,1725,MINNEAPOLIS W-8 P-03,0,0,0,0,0,0,0,0
MN,27,1730,MINNEAPOLIS W-8 P-04,0,0,0,0,0,0,0,0
MN,27,1735,MINNEAPOLIS W-8 P-05,0,0,0,0,0,0,0,0
MN,27,1740,MINNEAPOLIS W-8 P-06,0,0,0,0,0,0,0,0
MN,27,1745,MINNEAPOLIS W-8 P-07,0,0,0,0,0,0,0,0
MN,27,1750,MINNEAPOLIS W-8 P-08,0,0,0,0,0,0,0,0
MN,27,1755,MINNEAPOLIS W-8 P-09,0,0,0,0,0,0,0,0
MN,27,1760,MINNEAPOLIS W-8 P-10,0,0,0,0,0,0,0,0
MN,27,1765,MINNEAPOLIS W-8 P-11,0,0,0,0,0,0,0,0
MN,27,1770,MINNEAPOLIS W-9 P-01,0,0,0,0,0,0,0,0
MN,27,1775,MINNEAPOLIS W-9 P-02,0,0,0,0,0,0,0,0
MN,27,1780,MINNEAPOLIS W-9 P-03,0,0,0,0,0,0,0,0
MN,27,1785,MINNEAPOLIS W-9 P-04,0,0,0,0,0,0,0,0
MN,27,1790,MINNEAPOLIS W-9 P-05,0,0,0,0,0,0,0,0
MN,27,1795,MINNEAPOLIS W-9 P-06,0,0,0,0,0,0,0,0
MN,27,1800,MINNEAPOLIS W-9 P-07,0,0,0,0,0,0,0,0
MN,27,1805,MINNEAPOLIS W-9 P-08,0,0,0,0,0,0,0,0
MN,27,1810,MINNEAPOLIS W-9 P-09,0,0,0,0,0,0,0,0
MN,27,1815,MINNEAPOLIS W-10 P-01,0,0,0,0,0,0,0,0
MN,27,1820,MINNEAPOLIS W-10 P-02,0,0,0,0,0,0,0,0
MN,27,1825,MINNEAPOLIS W-10 P-03,0,0,0,0,0,0,0,0
MN,27,1830,MINNEAPOLIS W-10 P-04,0,0,0,0,0,0,0,0
MN,27,1835,MINNEAPOLIS W-10 P-05,0,0,0,0,0,0,0,0
MN,27,1840,MINNEAPOLIS W-10 P-06,0,0,0,0,0,0,0,0
MN,27,1845,MINNEAPOLIS W-10 P-07,0,0,0,0,0,0,0,0
MN,27,1850,MINNEAPOLIS W-10 P-08,0,0,0,0,0,0,0,0
MN,27,1855,MINNEAPOLIS W-10 P-09,0,0,0,0,0,0,0,0
MN,27,1860,MINNEAPOLIS W-11 P-01,0,0,0,0,0,0,0,0
MN,27,1865,MINNEAPOLIS W-11 P-02,0,0,0,0,0,0,0,0
MN,27,1870,MINNEAPOLIS W-11 P-03,0,0,0,0,0,0,0,0
MN,27,1875,MINNEAPOLIS W-11 P-04,0,0,0,0,0,0,0,0
MN,27,1880,MINNEAPOLIS W-11 P-05,0,0,0,0,0,0,0,0
MN,27,1885,MINNEAPOLIS W-11 P-06,0,0,0,0,0,0,0,0
MN,27,1890,MINNEAPOLIS W-11 P-07,0,0,0,0,0,0,0,0
MN,27,1895,MINNEAPOLIS W-11 P-08,0,0,0,0,0,0,0,0
MN,27,1900,MINNEAPOLIS W-11 P-09,0,0,0,0,0,0,0,0
MN,27,1905,MINNEAPOLIS W-11 P-10,0,0,0,0,0,0,0,0
MN,27,1910,MINNEAPOLIS W-11 P-11,0,0,0,0,0,0,0,0
MN,27,1915,MINNEAPOLIS W-11 P-12,0,0,0,0,0,0,0,0
MN,27,1920,MINNEAPOLIS W-12 P-01,0,0,0,0,0,0,0,0
MN,27,1925,MINNEAPOLIS W-12 P-02,0,0,0,0,0,0,0,0
MN,27,1930,MINNEAPOLIS W-12 P-03,0,0,0,0,0,0,0,0
MN,27,1935,MINNEAPOLIS W-12 P-04,0,0,0,0,0,0,0,0
MN,27,1940,MINNEAPOLIS W-12 P-05,0,0,0,0,0,0,0,0
MN,27,1945,MINNEAPOLIS W-12 P-06,0,0,0,0,0,0,0,0
MN,27,1950,MINNEAPOLIS W-12 P-07,0,0,0,0,0,0,0,0
MN,27,1955,MINNEAPOLIS W-12 P-08,0,0,0,0,0,0,0,0
MN,27,1960,MINNEAPOLIS W-12 P-09,0,0,0,0,0,0,0,0
MN,27,1965,MINNEAPOLIS W-12 P-10,0,0,0,0,0,0,0,0
MN,27,1970,MINNEAPOLIS W-12 P-11,0,0,0,0,0,0,0,0
MN,27,1975,MINNEAPOLIS W-12 P-12,0,0,0,0,0,0,0,0
MN,27,1980,MINNEAPOLIS W-13 P-01,0,0,0,0,0,0,0,0
MN,27,1985,MINNEAPOLIS W-13 P-02,0,0,0,0,0,0,0,0
MN,27,1990,MINNEAPOLIS W-13 P-03,0,0,0,0,0,0,0,0
MN,27,1995,MINNEAPOLIS W-13 P-04,0,0,0,0,0,0,0,0
MN,27,2000,MINNEAPOLIS W-13 P-05,0,0,0,0,0,0,0,0
MN,27,2005,MINNEAPOLIS W-13 P-06,0,0,0,0,0,0,0,0
MN,27,2010,MINNEAPOLIS W-13 P-07,0,0,0,0,0,0,0,0
MN,27,2015,MINNEAPOLIS W-13 P-08,0,0,0,0,0,0,0,0
MN,27,2020,MINNEAPOLIS W-13 P-09,0,0,0,0,0,0,0,0
MN,27,2025,MINNEAPOLIS W-13 P-10,0,0,0,0,0,0,0,0
MN,27,2030,MINNEAPOLIS W-13 P-11,0,0,0,0,0,0,0,0
MN,27,2035,MINNEAPOLIS W-13 P-12,0,0,0,0,0,0,0,0
MN,27,2040,MINNEAPOLIS W-13 P-13,0,0,0,0,0,0,0,0
MN,27,2090,MINNETONKA W-1 P-A,0,0,0,0,0,0,0,0
MN,27,2095,MINNETONKA W-1 P-B,0,0,0,0,0,0,0,0
MN,27,2100,MINNETONKA W-1 P-C,0,0,0,0,0,0,0,0
MN,27,2105,MINNETONKA W-1 P-D,0,0,0,0,0,0,0,0
MN,27,2110,MINNETONKA W-1 P-E,0,0,0,0,0,0,0,0
MN,27,2115,MINNETONKA W-1 P-F,0,0,0,0,0,0,0,0
MN,27,2120,MINNETONKA W-2 P-A,0,0,0,0,0,0,0,0
MN,27,2125,MINNETONKA W-2 P-B,0,0,0,0,0,0,0,0
MN,27,2130,MINNETONKA W-2 P-C,0,0,0,0,0,0,0,0
MN,27,2135,MINNETONKA W-2 P-D,0,0,0,0,0,0,0,0
MN,27,2140,MINNETONKA W-2 P-E,0,0,0,0,0,0,0,0
MN,27,2145,MINNETONKA W-3 P-A,0,0,0,0,0,0,0,0
MN,27,2150,MINNETONKA W-3 P-B,0,0,0,0,0,0,0,0
MN,27,2155,MINNETONKA W-3 P-C,0,0,0,0,0,0,0,0
MN,27,2160,MINNETONKA W-3 P-D,0,0,0,0,0,0,0,0
MN,27,2165,MINNETONKA W-3 P-E,0,0,0,0,0,0,0,0
MN,27,2185,MINNETONKA W-4 P-A,0,0,0,0,0,0,0,0
MN,27,2190,MINNETONKA W-4 P-B,0,0,0,0,0,0,0,0
MN,27,2195,MINNETONKA W-4 P-C,0,0,0,0,0,0,0,0
MN,27,2200,MINNETONKA W-4 P-D,0,0,0,0,0,0,0,0
MN,27,2205,MINNETONKA W-4 P-E,0,0,0,0,0,0,0,0
MN,27,2765,ST ANTHONY P-01,0,0,0,0,0,0,0,0
MN,27,2770,ST ANTHONY P-02,0,0,0,0,0,0,0,0
MN,27,2790,ST LOUIS PARK W-1 P-01,0,0,0,0,0,0,0,0
MN,27,2795,ST LOUIS PARK W-1 P-02,0,0,0,0,0,0,0,0
MN,27,2800,ST LOUIS PARK W-1 P-03,0,0,0,0,0,0,0,0
MN,27,2810,ST LOUIS PARK W-2 P-04,0,0,0,0,0,0,0,0
MN,27,2815,ST LOUIS PARK W-2 P-05,0,0,0,0,0,0,0,0
MN,27,2820,ST LOUIS PARK W-2 P-06,0,0,0,0,0,0,0,0
MN,27,2830,ST LOUIS PARK W-3 P-07,0,0,0,0,0,0,0,0
MN,27,2835,ST LOUIS PARK W-3 P-08,0,0,0,0,0,0,0,0
MN,27,2840,ST LOUIS PARK W-3 P-09,0,0,0,0,0,0,0,0
MN,27,2850,ST LOUIS PARK W-4 P-10,0,0,0,0,0,0,0,0
MN,27,2855,ST LOUIS PARK W-4 P-11,0,0,0,0,0,0,0,0
MN,27,2860,ST LOUIS PARK W-4 P-12,0,0,0,0,0,0,0,0
MN,27,8178,ISD 11 SB5 P1 - EVERGREEN PARK ELEMENTARY,0,0,0,0,0,0,0,0
MN,27,8179,ISD 11 SB5 P2 - WAYCROSS EVANGELICAL CHURCH,0,0,0,0,0,0,0,0
MN,27,8180,ISD 11 SB5 P3 - EDINBROOK CHURCH,0,0,0,0,0,0,0,0
MN,27,8208,ISD NO. 286 BROOKLYN CENTER,0,0,0,0,0,0,0,0
MN,27,8256,ISD 279 - FERNBROOK ELEMENTARY SCHOOL,0,0,0,0,0,0,0,0
MN,27,8257,ISD 279 - ELM CREEK ELEMENTARY SCHOOL,0,0,0,0,0,0,0,0
MN,27,8261,ISD 279 - BASSWOOD ELEMENTARY SCHOOL,0,0,0,0,0,0,0,0
MN,27,8265,ISD 279 - MAPLE GROVE MIDDLE SCHOOL,0,0,0,0,0,0,0,0
MN,27,8266,ISD 280 - MOUNT CALVARY CHURCH ED BLDG,0,0,0,0,0,0,0,0
MN,27,8267,ISD 280 - ST PETERS CATHOLIC CHURCH,0,0,0,0,0,0,0,0
MN,27,8268,ISD 280 - CHURCH OF PEACE,0,0,0,0,0,0,0,0
MN,27,8269,ISD 280 - ST RICHARDS CATHOLIC CHURCH,0,0,0,0,0,0,0,0
MN,27,8270,ISD 280 - WOODLAKE LUTHERAN CHURCH,0,0,0,0,0,0,0,0
MN,27,8271,ISD 280 - BETHEL'S ROCK CHURCH,0,0,0,0,0,0,0,0
MN,27,8272,ISD 280 - RICHFIELD COMMUNITY CENTER,0,0,0,0,0,0,0,0
MN,27,8273,ISD 280 - HOPE PRESBYTERIAN EDUCATIONAL FACILITY,0,0,0,0,0,0,0,0
MN,27,8274,ISD 280 - CHURCH OF THE ASSUMPTION,0,0,0,0,0,0,0,0
MN,27,8309,ISD 284 - WAYZATA CITY HALL,0,0,0,0,0,0,0,0
MN,27,8310,ISD 284 - PEACE LUTHERAN CHURCH OF PLYMOUTH,0,0,0,0,0,0,0,0
MN,27,8311,ISD 284 - FOURTH BAPTIST CHURCH,0,0,0,0,0,0,0,0
MN,27,8312,ISD 284 - HAMEL COMMUNITY CENTER,0,0,0,0,0,0,0,0
MN,27,8313,ISD 284 - PLYMOUTH CREEK CENTER,0,0,0,0,0,0,0,0
MN,27,8319,ISD 277 - ST JOHN'S LUTHERAN CHURCH,0,0,0,0,0,0,0,0
MN,27,8350,ISD 276 - DEEPHAVEN CITY HALL,0,0,0,0,0,0,0,0
MN,27,8352,ISD 276 - EXCELSIOR COVENANT CHURCH,0,0,0,0,0,0,0,0
MN,27,8353,ISD 276 - SHOREWOOD COMMUNITY & EVENT CENTER,0,0,0,0,0,0,0,0
MN,27,9002,ISD 277 - WESTONKA EDUCATIONAL SERV CTR,0,0,0,0,0,0,0,0
MN,27,9383,ISD 11 SB5 P4 - OXBOW CREEK ELEMENTARY SCHOOL,0,0,0,0,0,0,0,0
MN,27,9384,ISD 276 MINNETONKA DIST SRVC CTR,0,0,0,0,0,0,0,0
MN,27,9404,ISD 279 - EDINBROOK ELEMENTARY SCHOOL,0,0,0,0,0,0,0,0
MN,27,9405,ISD 279 - BROOKLYN MIDDLE SCHOOL,0,0,0,0,0,0,0,0
MN,27,9419,ISD 270 - EDEN PRAIRIE ASSEMBLY OF GOD,0,0,0,0,0,0,0,0
MN,27,9420,ISD 270 - FOURTH BAPTIST CHURCH,0,0,0,0,0,0,0,0
MN,27,9749,ISD 276 - MINNEWASHTA CHURCH,0,0,0,0,0,0,0,0
MN,28,8074,ISD NO. 297 SPRING GROVE,0,0,0,0,0,0,0,0
MN,29,8771,ISD NO. 306 LAPORTE,0,0,0,0,0,0,0,0
MN,30,9236,ISD 911 CAMBRIDGE-ISANTI - CAMBRIDGE CITY CTR MALL,0,0,0,0,0,0,0,0
MN,30,9237,ISD 911 ISANTI COMMUNITY CENTER,0,0,0,0,0,0,0,0
MN,31,8000,ISD 319 - GOODLAND COMM CENTER - GOODLAND & GRAN,0,0,0,0,0,0,0,0
MN,31,8001,ISD 319 - NASHWAUK VILLAGE HALL,0,0,0,0,0,0,0,0
MN,31,8002,ISD 319 KEEWATIN COMMUNITY CENTER,0,0,0,0,0,0,0,0
MN,31,8003,ISD 319 LONE PINE TOWN HALL,0,0,0,0,0,0,0,0
MN,31,8004,ISD 319 NASHWAUK TOWNSHIP & MCLEOD PRECINCT,0,0,0,0,0,0,0,0
MN,31,9075,ISD #318 GRAND RAPIDS AREA LIBRARY,0,0,0,0,0,0,0,0
MN,31,9083,ISD #318 EDGE CENTER FOR THE ARTS,0,0,0,0,0,0,0,0
MN,31,9094,ISD #318 ZION LUTHERAN CHURCH,0,0,0,0,0,0,0,0
MN,31,9330,BALL CLUB COMMUNITY CENTER,0,0,0,0,0,0,0,0
MN,31,9331,JESSE LAKE LUTHERAN CHURCH,0,0,0,0,0,0,0,0
MN,31,9332,INGER COMMUNITY CENTER,0,0,0,0,0,0,0,0
MN,31,9594,KING ELEMENTARY SCHOOL,0,0,0,0,0,0,0,0
MN,31,9620,ISD #318 COHASSET COMMUNITY CENTER,0,0,0,0,0,0,0,0
MN,32,9598,ISD 2448 MCW JR/SR HIGH SCHOOL,0,0,0,0,0,0,0,0
MN,33,8021,ISD #333 OLGIVIE SCHOOLS,0,0,0,0,0,0,0,0
MN,33,8643,ISD 333-OGILVIE PUBLIC SCHOOLS,0,0,0,0,0,0,0,0
MN,34,8466,ISD NO. 347 WILLMAR,0,0,0,0,0,0,0,0
MN,34,9486,ISD 775 SUNBURG COMMUNITY CENTER,0,0,0,0,0,0,0,0
MN,34,9487,ISD 775 KERKHOVEN CIVIC CENTER,0,0,0,0,0,0,0,0
MN,34,9773,ISD 2534 LAKE LILLIAN CITY CENTER KANDIYOHI COUNT,0,0,0,0,0,0,0,0
MN,36,0005,BIG FALLS CITY,0,0,0,0,0,0,0,0
MN,36,0023,DINNER CREEK UNORGANIZED,0,0,0,0,0,0,0,0
MN,36,0083,KOOCHICHING POLL 5,0,0,0,0,0,0,0,0
MN,36,0100,MIZPAH CITY,0,0,0,0,0,0,0,0
MN,36,0115,NORTHOME,0,0,0,0,0,0,0,0
MN,36,0140,SCARLETT PRECINCT,0,0,0,0,0,0,0,0
MN,36,0170,MEADOWBROOK PRECINCT,0,0,0,0,0,0,0,0
MN,36,0175,WEST KOOCHICHING,0,0,0,0,0,0,0,0
MN,36,0185,NORTHWEST KOOCHICHING,0,0,0,0,0,0,0,0
MN,36,0195,SOUTHWEST KOOCHICHING,0,0,0,0,0,0,0,0
MN,36,9674,ISD NO. 361 INTERNATIONAL FALLS,0,0,0,0,0,0,0,0
MN,37,9814,ISD 2853 - LAC QUI PARLE COUNTY - CITY OF MADISON,0,0,0,0,0,0,0,0
MN,38,0020,BEAVER BAY TWP. P-4,0,0,0,0,0,0,0,0
MN,38,0025,CRYSTAL BAY P-1,0,0,0,0,0,0,0,0
MN,38,0035,FALL LAKE TWP.,0,0,0,0,0,0,0,0
MN,38,0040,SILVER BAY P-1,0,0,0,0,0,0,0,0
MN,38,0110,UNORG TERR NO 1,0,0,0,0,0,0,0,0
MN,40,8849,ISD #508 - KASOTA COMMUNITY CTR,0,0,0,0,0,0,0,0
MN,42,0095,MARSHALL W-1,0,0,0,0,0,0,0,0
MN,42,0105,MARSHALL W-2,0,0,0,0,0,0,0,0
MN,42,0115,MARSHALL W-3,0,0,0,0,0,0,0,0
MN,42,8387,ISD NO. 415 LYND,0,0,0,0,0,0,0,0
MN,43,9228,STEWART COMMUNITY CENTER,0,0,0,0,0,0,0,0
MN,43,9776,ISD 2365 GFW-GIBBON DIST-GIBBON MUNICIPAL BUILDING,0,0,0,0,0,0,0,0
MN,46,8750,BUTTERFIELD/ODIN,0,0,0,0,0,0,0,0
MN,46,9599,ISD 2448 MCW JR/SR HIGH SCHOOL,0,0,0,0,0,0,0,0
MN,46,9600,ISD 2448 TRIMONT COMMUNITY CENTER,0,0,0,0,0,0,0,0
MN,46,9601,ISD 2448 WELCOME CITY HALL,0,0,0,0,0,0,0,0
MN,47,8851,ISD 463 EDEN VALLEY-WATKINS,0,0,0,0,0,0,0,0
MN,47,8852,ISD 463 EDEN VALLEY CIVIC CENTER,0,0,0,0,0,0,0,0
MN,47,8853,ISD 463 WATKINS VILLAGE HALL,0,0,0,0,0,0,0,0
MN,49,8128,HOLDINGFORD SCHOOL,0,0,0,0,0,0,0,0
MN,50,9489,ISD NO. 495 GRAND MEADOW,0,0,0,0,0,0,0,0
MN,50,9615,ISD NO. 499 LEROY-OSTRANDER,0,0,0,0,0,0,0,0
MN,52,0120,ST PETER W-1 P-1,0,0,0,0,0,0,0,0
MN,52,0130,ST PETER W-2 P-1,0,0,0,0,0,0,0,0
MN,52,8705,ISD #508 - JOHNSON HALL COMBINATION,0,0,0,0,0,0,0,0
MN,52,9170,2365 GFW GIBBON MUNICIPAL BUILDING,0,0,0,0,0,0,0,0
MN,52,9454,52 - ISD 77 ST PAUL'S LUTHERAN PRECINCT G,0,0,0,0,0,0,0,0
MN,52,9455,52 - ISD 77 RIVER RIDGE EVANGELICAL FREE CHURCH PR,0,0,0,0,0,0,0,0
MN,52,9456,52 - ISD 77 FIRE STATION #2 PRECINCT I,0,0,0,0,0,0,0,0
MN,53,8706,SCHOOL DISTRICT 518 WORTHINGTON,0,0,0,0,0,0,0,0
MN,53,9224,ADRIAN GOVERNMENT CENTER,0,0,0,0,0,0,0,0
MN,55,0100,ROCHESTER W1 P1,0,0,0,0,0,0,0,0
MN,55,0105,ROCHESTER W1 P2,0,0,0,0,0,0,0,0
MN,55,0110,ROCHESTER W1 P3,0,0,0,0,0,0,0,0
MN,55,0115,ROCHESTER W1 P4,0,0,0,0,0,0,0,0
MN,55,0120,ROCHESTER W1 P5,0,0,0,0,0,0,0,0
MN,55,0125,ROCHESTER W1 P6,0,0,0,0,0,0,0,0
MN,55,0130,ROCHESTER W1 P7,0,0,0,0,0,0,0,0
MN,55,0135,ROCHESTER W1 P8,0,0,0,0,0,0,0,0
MN,55,0140,ROCHESTER W1 P9,0,0,0,0,0,0,0,0
MN,55,0145,ROCHESTER W1 P10,0,0,0,0,0,0,0,0
MN,55,0150,ROCHESTER W1 P11,0,0,0,0,0,0,0,0
MN,55,0155,ROCHESTER W1 P12,0,0,0,0,0,0,0,0
MN,55,0160,ROCHESTER W1 P13,0,0,0,0,0,0,0,0
MN,55,0165,ROCHESTER W1 P14,0,0,0,0,0,0,0,0
MN,55,0170,ROCHESTER W2 P1,0,0,0,0,0,0,0,0
MN,55,0175,ROCHESTER W2 P2,0,0,0,0,0,0,0,0
MN,55,0180,ROCHESTER W2 P3,0,0,0,0,0,0,0,0
MN,55,0185,ROCHESTER W2 P4,0,0,0,0,0,0,0,0
MN,55,0190,ROCHESTER W2 P5,0,0,0,0,0,0,0,0
MN,55,0195,ROCHESTER W2 P6,0,0,0,0,0,0,0,0
MN,55,0200,ROCHESTER W2 P7,0,0,0,0,0,0,0,0
MN,55,0205,ROCHESTER W2 P8,0,0,0,0,0,0,0,0
MN,55,0210,ROCHESTER W2 P9,0,0,0,0,0,0,0,0
MN,55,0215,ROCHESTER W2 P10,0,0,0,0,0,0,0,0
MN,55,0220,ROCHESTER W2 P11,0,0,0,0,0,0,0,0
MN,55,0225,ROCHESTER W2 P12,0,0,0,0,0,0,0,0
MN,55,0230,ROCHESTER W2 P13,0,0,0,0,0,0,0,0
MN,55,0235,ROCHESTER W3 P1,0,0,0,0,0,0,0,0
MN,55,0240,ROCHESTER W3 P2,0,0,0,0,0,0,0,0
MN,55,0245,ROCHESTER W3 P3,0,0,0,0,0,0,0,0
MN,55,0250,ROCHESTER W3 P4,0,0,0,0,0,0,0,0
MN,55,0255,ROCHESTER W3 P5,0,0,0,0,0,0,0,0
MN,55,0260,ROCHESTER W3 P6,0,0,0,0,0,0,0,0
MN,55,0265,ROCHESTER W3 P7,0,0,0,0,0,0,0,0
MN,55,0270,ROCHESTER W3 P8,0,0,0,0,0,0,0,0
MN,55,0275,ROCHESTER W3 P9,0,0,0,0,0,0,0,0
MN,55,0280,ROCHESTER W3 P10,0,0,0,0,0,0,0,0
MN,55,0285,ROCHESTER W3 P11,0,0,0,0,0,0,0,0
MN,55,0290,ROCHESTER W3 P12,0,0,0,0,0,0,0,0
MN,55,0295,ROCHESTER W3 P13,0,0,0,0,0,0,0,0
MN,55,0300,ROCHESTER W4 P1,0,0,0,0,0,0,0,0
MN,55,0305,ROCHESTER W4 P2,0,0,0,0,0,0,0,0
MN,55,0310,ROCHESTER W4 P3,0,0,0,0,0,0,0,0
MN,55,0315,ROCHESTER W4 P4,0,0,0,0,0,0,0,0
MN,55,0320,ROCHESTER W4 P5,0,0,0,0,0,0,0,0
MN,55,0325,ROCHESTER W4 P6,0,0,0,0,0,0,0,0
MN,55,0330,ROCHESTER W4 P7,0,0,0,0,0,0,0,0
MN,55,0335,ROCHESTER W4 P8,0,0,0,0,0,0,0,0
MN,55,0340,ROCHESTER W4 P9,0,0,0,0,0,0,0,0
MN,55,0345,ROCHESTER W4 P10,0,0,0,0,0,0,0,0
MN,55,0350,ROCHESTER W4 P11,0,0,0,0,0,0,0,0
MN,55,0355,ROCHESTER W4 P12,0,0,0,0,0,0,0,0
MN,55,0360,ROCHESTER W4 P13,0,0,0,0,0,0,0,0
MN,55,0365,ROCHESTER W5 P1,0,0,0,0,0,0,0,0
MN,55,0370,ROCHESTER W5 P2,0,0,0,0,0,0,0,0
MN,55,0375,ROCHESTER W5 P3,0,0,0,0,0,0,0,0
MN,55,0380,ROCHESTER W5 P4,0,0,0,0,0,0,0,0
MN,55,0385,ROCHESTER W5 P5,0,0,0,0,0,0,0,0
MN,55,0390,ROCHESTER W5 P6,0,0,0,0,0,0,0,0
MN,55,0395,ROCHESTER W5 P7,0,0,0,0,0,0,0,0
MN,55,0400,ROCHESTER W5 P8,0,0,0,0,0,0,0,0
MN,55,0405,ROCHESTER W5 P9,0,0,0,0,0,0,0,0
MN,55,0410,ROCHESTER W5 P10,0,0,0,0,0,0,0,0
MN,55,0415,ROCHESTER W5 P11,0,0,0,0,0,0,0,0
MN,55,0420,ROCHESTER W5 P12,0,0,0,0,0,0,0,0
MN,55,0425,ROCHESTER W5 P13,0,0,0,0,0,0,0,0
MN,55,0430,ROCHESTER W5 P14,0,0,0,0,0,0,0,0
MN,55,0435,ROCHESTER W6 P1,0,0,0,0,0,0,0,0
MN,55,0440,ROCHESTER W6 P2,0,0,0,0,0,0,0,0
MN,55,0445,ROCHESTER W6 P3,0,0,0,0,0,0,0,0
MN,55,0450,ROCHESTER W6 P4,0,0,0,0,0,0,0,0
MN,55,0455,ROCHESTER W6 P5,0,0,0,0,0,0,0,0
MN,55,0460,ROCHESTER W6 P6,0,0,0,0,0,0,0,0
MN,55,0465,ROCHESTER W6 P7,0,0,0,0,0,0,0,0
MN,55,0470,ROCHESTER W6 P8,0,0,0,0,0,0,0,0
MN,55,0475,ROCHESTER W6 P9,0,0,0,0,0,0,0,0
MN,55,0480,ROCHESTER W6 P10,0,0,0,0,0,0,0,0
MN,55,0485,ROCHESTER W6 P11,0,0,0,0,0,0,0,0
MN,55,0490,ROCHESTER W6 P12,0,0,0,0,0,0,0,0
MN,55,0495,ROCHESTER W6 P13,0,0,0,0,0,0,0,0
MN,55,8971,ISD 534 STEWARTVILLE SCHOOL DISTRICT,0,0,0,0,0,0,0,0
MN,55,9478,ISD 534 - RACINE CITY HALL,0,0,0,0,0,0,0,0
MN,55,9521,ISD 535 - CASCADE TOWN HALL,0,0,0,0,0,0,0,0
MN,55,9522,ISD 535 - MARION TOWN HALL,0,0,0,0,0,0,0,0
MN,55,9523,ISD 535 - ORONOCO CITY HALL,0,0,0,0,0,0,0,0
MN,55,9531,ISD 535 - HAVERHILL TOWN HALL,0,0,0,0,0,0,0,0
MN,55,9820,ISD 535 - ROCHESTER TOWNSHIP HALL,0,0,0,0,0,0,0,0
MN,56,9250,ISD 2342 ELBOW LAKE COMMUNITY BUILDING,0,0,0,0,0,0,0,0
MN,56,9282,ISD NO. 542 BATTLE LAKE,0,0,0,0,0,0,0,0
MN,57,9300,ISD NO. 564 THIEF RIVER FALLS,0,0,0,0,0,0,0,0
MN,57,9477,ISD NO. 561 GOODRIDGE,0,0,0,0,0,0,0,0
MN,58,8512,ISD 2165 FINLAYSON ELEMENTARY SCHOOL,0,0,0,0,0,0,0,0
MN,58,8946,ISD 2580 EAST CENTRAL PUBLIC SCHOOL,0,0,0,0,0,0,0,0
MN,58,8947,ISD 2165 HINCKLEY HIGH SCHOOL,0,0,0,0,0,0,0,0
MN,59,9676,ISD NO. 2689 PIPESTONE AREA,0,0,0,0,0,0,0,0
MN,60,8599,FISHER,0,0,0,0,0,0,0,0
MN,61,9251,ISD 2342 KENSINGTON COMMUNITY CENTER,0,0,0,0,0,0,0,0
MN,62,0060,FALCON HEIGHTS P-1,0,0,0,0,0,0,0,0
MN,62,0070,FALCON HEIGHTS P-2,0,0,0,0,0,0,0,0
MN,62,0290,MOUNDS VIEW P-1,0,0,0,0,0,0,0,0
MN,62,0300,MOUNDS VIEW P-2,0,0,0,0,0,0,0,0
MN,62,0310,MOUNDS VIEW P-3,0,0,0,0,0,0,0,0
MN,62,0320,MOUNDS VIEW P-4,0,0,0,0,0,0,0,0
MN,62,0530,ST ANTHONY P-1,0,0,0,0,0,0,0,0
MN,62,0540,ST. PAUL W-1 P-01,0,0,0,0,0,0,0,0
MN,62,0550,ST. PAUL W-1 P-02,0,0,0,0,0,0,0,0
MN,62,0560,ST. PAUL W-1 P-03,0,0,0,0,0,0,0,0
MN,62,0570,ST. PAUL W-1 P-04,0,0,0,0,0,0,0,0
MN,62,0580,ST. PAUL W-1 P-05,0,0,0,0,0,0,0,0
MN,62,0590,ST. PAUL W-1 P-06,0,0,0,0,0,0,0,0
MN,62,0600,ST. PAUL W-1 P-07,0,0,0,0,0,0,0,0
MN,62,0610,ST. PAUL W-1 P-08,0,0,0,0,0,0,0,0
MN,62,0620,ST. PAUL W-1 P-09,0,0,0,0,0,0,0,0
MN,62,0630,ST. PAUL W-1 P-10,0,0,0,0,0,0,0,0
MN,62,0640,ST. PAUL W-1 P-11,0,0,0,0,0,0,0,0
MN,62,0650,ST. PAUL W-1 P-12,0,0,0,0,0,0,0,0
MN,62,0660,ST. PAUL W-1 P-13,0,0,0,0,0,0,0,0
MN,62,0680,ST. PAUL W-2 P-01,0,0,0,0,0,0,0,0
MN,62,0690,ST. PAUL W-2 P-02,0,0,0,0,0,0,0,0
MN,62,0700,ST. PAUL W-2 P-03,0,0,0,0,0,0,0,0
MN,62,0710,ST. PAUL W-2 P-04,0,0,0,0,0,0,0,0
MN,62,0720,ST. PAUL W-2 P-05,0,0,0,0,0,0,0,0
MN,62,0730,ST. PAUL W-2 P-06,0,0,0,0,0,0,0,0
MN,62,0740,ST. PAUL W-2 P-07,0,0,0,0,0,0,0,0
MN,62,0750,ST. PAUL W-2 P-08,0,0,0,0,0,0,0,0
MN,62,0760,ST. PAUL W-2 P-09,0,0,0,0,0,0,0,0
MN,62,0770,ST. PAUL W-2 P-10,0,0,0,0,0,0,0,0
MN,62,0780,ST. PAUL W-2 P-11,0,0,0,0,0,0,0,0
MN,62,0790,ST. PAUL W-2 P-12,0,0,0,0,0,0,0,0
MN,62,0800,ST. PAUL W-2 P-13,0,0,0,0,0,0,0,0
MN,62,0840,ST. PAUL W-3 P-01,0,0,0,0,0,0,0,0
MN,62,0850,ST. PAUL W-3 P-02,0,0,0,0,0,0,0,0
MN,62,0860,ST. PAUL W-3 P-03,0,0,0,0,0,0,0,0
MN,62,0870,ST. PAUL W-3 P-04,0,0,0,0,0,0,0,0
MN,62,0880,ST. PAUL W-3 P-05,0,0,0,0,0,0,0,0
MN,62,0890,ST. PAUL W-3 P-06,0,0,0,0,0,0,0,0
MN,62,0900,ST. PAUL W-3 P-07,0,0,0,0,0,0,0,0
MN,62,0910,ST. PAUL W-3 P-08,0,0,0,0,0,0,0,0
MN,62,0920,ST. PAUL W-3 P-09,0,0,0,0,0,0,0,0
MN,62,0930,ST. PAUL W-3 P-10,0,0,0,0,0,0,0,0
MN,62,0940,ST. PAUL W-3 P-11,0,0,0,0,0,0,0,0
MN,62,0950,ST. PAUL W-3 P-12,0,0,0,0,0,0,0,0
MN,62,0960,ST. PAUL W-3 P-13,0,0,0,0,0,0,0,0
MN,62,1000,ST. PAUL W-4 P-01,0,0,0,0,0,0,0,0
MN,62,1010,ST. PAUL W-4 P-02,0,0,0,0,0,0,0,0
MN,62,1020,ST. PAUL W-4 P-03,0,0,0,0,0,0,0,0
MN,62,1030,ST. PAUL W-4 P-04,0,0,0,0,0,0,0,0
MN,62,1040,ST. PAUL W-4 P-05,0,0,0,0,0,0,0,0
MN,62,1050,ST. PAUL W-4 P-06,0,0,0,0,0,0,0,0
MN,62,1060,ST. PAUL W-4 P-07,0,0,0,0,0,0,0,0
MN,62,1070,ST. PAUL W-4 P-08,0,0,0,0,0,0,0,0
MN,62,1080,ST. PAUL W-4 P-09,0,0,0,0,0,0,0,0
MN,62,1090,ST. PAUL W-4 P-10,0,0,0,0,0,0,0,0
MN,62,1100,ST. PAUL W-4 P-11,0,0,0,0,0,0,0,0
MN,62,1110,ST. PAUL W-4 P-12,0,0,0,0,0,0,0,0
MN,62,1120,ST. PAUL W-4 P-13,0,0,0,0,0,0,0,0
MN,62,1160,ST. PAUL W-5 P-01,0,0,0,0,0,0,0,0
MN,62,1170,ST. PAUL W-5 P-02,0,0,0,0,0,0,0,0
MN,62,1180,ST. PAUL W-5 P-03,0,0,0,0,0,0,0,0
MN,62,1190,ST. PAUL W-5 P-04,0,0,0,0,0,0,0,0
MN,62,1200,ST. PAUL W-5 P-05,0,0,0,0,0,0,0,0
MN,62,1210,ST. PAUL W-5 P-06,0,0,0,0,0,0,0,0
MN,62,1220,ST. PAUL W-5 P-07,0,0,0,0,0,0,0,0
MN,62,1230,ST. PAUL W-5 P-08,0,0,0,0,0,0,0,0
MN,62,1240,ST. PAUL W-5 P-09,0,0,0,0,0,0,0,0
MN,62,1250,ST. PAUL W-5 P-10,0,0,0,0,0,0,0,0
MN,62,1290,ST. PAUL W-6 P-01,0,0,0,0,0,0,0,0
MN,62,1300,ST. PAUL W-6 P-02,0,0,0,0,0,0,0,0
MN,62,1310,ST. PAUL W-6 P-03,0,0,0,0,0,0,0,0
MN,62,1320,ST. PAUL W-6 P-04,0,0,0,0,0,0,0,0
MN,62,1330,ST. PAUL W-6 P-05,0,0,0,0,0,0,0,0
MN,62,1340,ST. PAUL W-6 P-06,0,0,0,0,0,0,0,0
MN,62,1350,ST. PAUL W-6 P-07,0,0,0,0,0,0,0,0
MN,62,1360,ST. PAUL W-6 P-08,0,0,0,0,0,0,0,0
MN,62,1370,ST. PAUL W-6 P-09,0,0,0,0,0,0,0,0
MN,62,1380,ST. PAUL W-6 P-10,0,0,0,0,0,0,0,0
MN,62,1390,ST. PAUL W-6 P-11,0,0,0,0,0,0,0,0
MN,62,1430,ST. PAUL W-7 P-01,0,0,0,0,0,0,0,0
MN,62,1440,ST. PAUL W-7 P-02,0,0,0,0,0,0,0,0
MN,62,1450,ST. PAUL W-7 P-03,0,0,0,0,0,0,0,0
MN,62,1460,ST. PAUL W-7 P-04,0,0,0,0,0,0,0,0
MN,62,1470,ST. PAUL W-7 P-05,0,0,0,0,0,0,0,0
MN,62,1480,ST. PAUL W-7 P-06,0,0,0,0,0,0,0,0
MN,62,1490,ST. PAUL W-7 P-07,0,0,0,0,0,0,0,0
MN,62,1500,ST. PAUL W-7 P-08,0,0,0,0,0,0,0,0
MN,62,1510,ST. PAUL W-7 P-09,0,0,0,0,0,0,0,0
MN,62,1520,ST. PAUL W-7 P-10,0,0,0,0,0,0,0,0
MN,62,1530,ST. PAUL W-7 P-11,0,0,0,0,0,0,0,0
MN,62,1540,ST. PAUL W-7 P-12,0,0,0,0,0,0,0,0
MN,62,1550,ST. PAUL W-7 P-13,0,0,0,0,0,0,0,0
MN,62,1740,WHITE BEAR LAKE W-1 P-1,0,0,0,0,0,0,0,0
MN,62,1760,WHITE BEAR LAKE W-3 P-1,0,0,0,0,0,0,0,0
MN,62,1780,WHITE BEAR LAKE W-5 P-1,0,0,0,0,0,0,0,0
MN,62,8203,ISD 621-NORTH OAKS P-1 CITY HALL-COUNCIL CHAMBERS,0,0,0,0,0,0,0,0
MN,62,8205,ISD 623-LITTLE CANADA P-1 ROSEVILLE AREA MIDDLE SC,0,0,0,0,0,0,0,0
MN,62,8413,ISD 623-ROSEVILLE P-07 CENTRAL PARK ELEMENTARY,0,0,0,0,0,0,0,0
MN,62,8482,ISD 621-ARDEN HILLS P-2 ANDERSON CTR-BETHEL UNIV.,0,0,0,0,0,0,0,0
MN,62,8483,ISD 621-ARDEN HILLS P-3 NORTH HEIGHTS LUTHERAN CH,0,0,0,0,0,0,0,0
MN,62,8488,ISD 621-NEW BRIGHTON P-1 ST. JOHN THE BAPTIST CATH,0,0,0,0,0,0,0,0
MN,62,8489,ISD 621-NEW BRIGHTON P-5 FAITH CHURCH,0,0,0,0,0,0,0,0
MN,62,8490,ISD 621-NEW BRIGHTON P-7 UNITED CHURCH OF CHRIST,0,0,0,0,0,0,0,0
MN,62,8491,ISD 621-ROSEVILLE P-01 CENTENNIAL UNITED METHODIST,0,0,0,0,0,0,0,0
MN,62,8493,ISD 621-SHOREVIEW P-2 SHEPHERD OF THE HILLS LUTHER,0,0,0,0,0,0,0,0
MN,62,8494,ISD 621-SHOREVIEW P-3 CITY HALL,0,0,0,0,0,0,0,0
MN,62,8495,ISD 621-SHOREVIEW P-4 COMMUNITY CENTER,0,0,0,0,0,0,0,0
MN,62,8496,ISD 621-SHOREVIEW P-5 COMMUNITY CENTER,0,0,0,0,0,0,0,0
MN,62,8497,ISD 621-SHOREVIEW P-6 INCARNATION LUTHERAN CHURCH,0,0,0,0,0,0,0,0
MN,62,8892,ISD 623-LAUDERDALE P-1 LAUDERDALE CITY HALL,0,0,0,0,0,0,0,0
MN,62,8893,ISD 623-MAPLEWOOD P-01 EDGERTON ELEMENTARY SCHOOL,0,0,0,0,0,0,0,0
MN,62,9041,ISD 623-ROSEVILLE P-03 ADVENT LUTHERAN CHURCH,0,0,0,0,0,0,0,0
MN,62,9042,ISD 623-ROSEVILLE P-04 NORTH HEIGHTS LUTHERAN CH,0,0,0,0,0,0,0,0
MN,62,9043,ISD 623-ROSEVILLE P-05 ST. CHRISTOPHER'S EPISCOPAL,0,0,0,0,0,0,0,0
MN,62,9044,ISD 623-ROSEVILLE P-06 PRINCE OF PEACE LUTHERAN,0,0,0,0,0,0,0,0
MN,62,9045,ISD 623-ROSEVILLE P-08 ANPETU TECA EDUCATION CTR,0,0,0,0,0,0,0,0
MN,62,9046,ISD 623-ROSEVILLE P-09 RAMSEY CO LIBRARY-ROSEVILLE,0,0,0,0,0,0,0,0
MN,62,9047,ISD 623-ROSEVILLE P-10 ROSEVILLE LUTHERAN CHURCH,0,0,0,0,0,0,0,0
MN,62,9050,ISD 623-MAPLEWOOD P-02 EDGERTON ELEMENTARY SCHOOL,0,0,0,0,0,0,0,0
MN,62,9425,ISD 621-NORTH OAKS P-2 NORTH OAKS GOLF CLUB,0,0,0,0,0,0,0,0
MN,62,9426,ISD 621-WHITE BEAR TWP P-1 OTTER LAKE ELEMENTARY,0,0,0,0,0,0,0,0
MN,62,9427,ISD 621-ROSEVILLE P-02 ROSEVILLE COVENANT CHURCH,0,0,0,0,0,0,0,0
MN,62,9428,ISD 623-LITTLE CANADA P-2 LITTLE CANADA ELEMENTARY,0,0,0,0,0,0,0,0
MN,62,9429,ISD 623-LITTLE CANADA P-3 LITTLE CANADA CITY CTR,0,0,0,0,0,0,0,0
MN,62,9430,ISD 623-SHOREVIEW P-1 LUTH CHURCH OF RESURRECTION,0,0,0,0,0,0,0,0
MN,62,9433,ISD 282-NEW BRIGHTON P-3 SALEM COVENANT CHURCH,0,0,0,0,0,0,0,0
MN,62,9518,ISD 621-NEW BRIGHTON P-4 CHRIST THE KING LUTHERAN,0,0,0,0,0,0,0,0
MN,62,9519,ISD 621-NEW BRIGHTON P-6 NB COMMUNITY CENTER,0,0,0,0,0,0,0,0
MN,62,9520,ISD 621-NEW BRIGHTON P-8 GRACEPOINT CHURCH,0,0,0,0,0,0,0,0
MN,62,9579,ISD 621-ARDEN HILLS P-1 PRESB CHURCH OF THE WAY,0,0,0,0,0,0,0,0
MN,62,9580,ISD 623-ARDEN HILLS P-1 PRESB CHURCH OF THE WAY,0,0,0,0,0,0,0,0
MN,62,9581,ISD 623-ROSEVILLE P-11 GALILEE EVANGENLICAL LUTHER,0,0,0,0,0,0,0,0
MN,62,9581,ISD 621-VADNAIS HEIGHTS P-1 VADNAIS HTS COMMONS,0,0,0,0,0,0,0,0
MN,62,9679,ISD 621-MV-SLP-BLN MOUNDS VIEW COMMUNITY CENTER,0,0,0,0,0,0,0,0
MN,62,9680,ISD 621-NEW BRIGHTON P-2 SALEM COVENANT CHURCH,0,0,0,0,0,0,0,0
MN,62,9681,ISD 621-SHOREVIEW P-7 LAKE JOHANNA FIRE DEPT STN,0,0,0,0,0,0,0,0
MN,65,8587,HECTOR CAMPUS,0,0,0,0,0,0,0,0
MN,65,8693,ISD 2159 BUFFALO LAKE SCHOOL,0,0,0,0,0,0,0,0
MN,65,9841,ISD 2534 - BIRD ISLAND MUNICIPAL BUILDING,0,0,0,0,0,0,0,0
MN,65,9842,ISD 2534 - OLIVIA PUBLIC LIBRARY,0,0,0,0,0,0,0,0
MN,66,0060,LONSDALE CITY,0,0,0,0,0,0,0,0
MN,66,9233,ISD 721 WHEATLAND TOWN HALL,0,0,0,0,0,0,0,0
MN,69,0140,DULUTH P-1,0,0,0,0,0,0,0,0
MN,69,0145,DULUTH P-2,0,0,0,0,0,0,0,0
MN,69,0150,DULUTH P-3,0,0,0,0,0,0,0,0
MN,69,0155,DULUTH P-4,0,0,0,0,0,0,0,0
MN,69,0160,DULUTH P-5,0,0,0,0,0,0,0,0
MN,69,0165,DULUTH P-6,0,0,0,0,0,0,0,0
MN,69,0170,DULUTH P-7,0,0,0,0,0,0,0,0
MN,69,0175,DULUTH P-8,0,0,0,0,0,0,0,0
MN,69,0180,DULUTH P-9,0,0,0,0,0,0,0,0
MN,69,0190,DULUTH P-10,0,0,0,0,0,0,0,0
MN,69,0195,DULUTH P-11,0,0,0,0,0,0,0,0
MN,69,0200,DULUTH P-12,0,0,0,0,0,0,0,0
MN,69,0205,DULUTH P-13,0,0,0,0,0,0,0,0
MN,69,0210,DULUTH P-14,0,0,0,0,0,0,0,0
MN,69,0215,DULUTH P-15,0,0,0,0,0,0,0,0
MN,69,0220,DULUTH P-16,0,0,0,0,0,0,0,0
MN,69,0230,DULUTH P-17,0,0,0,0,0,0,0,0
MN,69,0240,DULUTH P-18,0,0,0,0,0,0,0,0
MN,69,0245,DULUTH P-19,0,0,0,0,0,0,0,0
MN,69,0255,DULUTH P-21,0,0,0,0,0,0,0,0
MN,69,0260,DULUTH P-22,0,0,0,0,0,0,0,0
MN,69,0265,DULUTH P-23,0,0,0,0,0,0,0,0
MN,69,0270,DULUTH P-24,0,0,0,0,0,0,0,0
MN,69,0275,DULUTH P-25,0,0,0,0,0,0,0,0
MN,69,0280,DULUTH P-26,0,0,0,0,0,0,0,0
MN,69,0285,DULUTH P-27,0,0,0,0,0,0,0,0
MN,69,0290,DULUTH P-28,0,0,0,0,0,0,0,0
MN,69,0295,DULUTH P-29,0,0,0,0,0,0,0,0
MN,69,0300,DULUTH P-30,0,0,0,0,0,0,0,0
MN,69,0305,DULUTH P-31,0,0,0,0,0,0,0,0
MN,69,0315,DULUTH P-32,0,0,0,0,0,0,0,0
MN,69,0320,DULUTH P-33,0,0,0,0,0,0,0,0
MN,69,0325,DULUTH P-34,0,0,0,0,0,0,0,0
MN,69,0330,DULUTH P-35,0,0,0,0,0,0,0,0
MN,69,1130,AURORA P-1,0,0,0,0,0,0,0,0
MN,69,1135,WHITE TWP. P-2,0,0,0,0,0,0,0,0
MN,69,1136,WHITE TWP. P-3,0,0,0,0,0,0,0,0
MN,69,8899,ISD NO. 707 NETT LAKE,0,0,0,0,0,0,0,0
MN,69,9352,ISD #709 - LAKEWOOD TOWN HALL,0,0,0,0,0,0,0,0
MN,69,9372,ISD #709 - GNESEN COMMUNITY CENTER,0,0,0,0,0,0,0,0
MN,69,9373,ISD #709 - NORMANNA TOWN HALL,0,0,0,0,0,0,0,0
MN,69,9374,ISD #709 - NORTH STAR TOWN HALL,0,0,0,0,0,0,0,0
MN,69,9375,ISD #709 - RICE LAKE CITY HALL,0,0,0,0,0,0,0,0
MN,69,9785,ISD 712 - BUHL,0,0,0,0,0,0,0,0
MN,69,9788,ISD 712 - GREAT SCOTT/KINNEY,0,0,0,0,0,0,0,0
MN,69,9789,ISD 712 - MOUNTAIN IRON,0,0,0,0,0,0,0,0
MN,70,9019,ISD 194 P18 CREDIT RIVER AND SPRING LAKE TWP,0,0,0,0,0,0,0,0
MN,70,9020,ISD 194 P20 ELKO NEW MARKET CITY HALL,0,0,0,0,0,0,0,0
MN,70,9207,ISD 721 ELKO NEW MARKET CITY HALL,0,0,0,0,0,0,0,0
MN,70,9208,ISD 721 CENTRAL EDUCATION CAMPUS,0,0,0,0,0,0,0,0
MN,70,9280,"ISD 721 CEDAR LAKE, HELENA",0,0,0,0,0,0,0,0
MN,70,9446,ISD 194 P19 NEW MARKET AREA HALL,0,0,0,0,0,0,0,0
MN,70,9481,ISD 271 - BLOOMINGTON - SAVAGE P-1,0,0,0,0,0,0,0,0
MN,72,9169,ISD 2365 - FAIRFAX COMMUNITY CENTER,0,0,0,0,0,0,0,0
MN,72,9774,ISD 2365 - WINTHROP COMMUNITY HALL,0,0,0,0,0,0,0,0
MN,72,9775,ISD 2365 GFW-GIBBON DIST-GIBBON MUNICIPAL BUILDING,0,0,0,0,0,0,0,0
MN,73,8858,ISD 738 - HOLDINGFORD CITY HALL,0,0,0,0,0,0,0,0
MN,73,9293,ISD 740 MELROSE,0,0,0,0,0,0,0,0
MN,73,9294,ISD 740 - MELROSE CITY CENTER,0,0,0,0,0,0,0,0
MN,74,8588,ISD NO. 763 MEDFORD,0,0,0,0,0,0,0,0
MN,75,9252,ISD 2342 KENSINGTON COMMUNITY CENTER,0,0,0,0,0,0,0,0
MN,75,9816,ISD 2853 - STEVENS COUNTY - CITY OF APPLETON- CIVI,0,0,0,0,0,0,0,0
MN,76,0005,APPLETON,0,0,0,0,0,0,0,0
MN,76,9488,ISD 775 SUNBURG COMMUNITY CENTER,0,0,0,0,0,0,0,0
MN,76,9489,ISD 775 KERKHOVEN CIVIC CENTER,0,0,0,0,0,0,0,0
MN,76,9490,ISD 775 MURDOCK CITY HALL,0,0,0,0,0,0,0,0
MN,76,9817,ISD 2853 - SWIFT COUNTY - CITY OF APPLETON - CIVIC,0,0,0,0,0,0,0,0
MN,76,9818,ISD 2853 - SWIFT COUNTY - CITY OF MILAN - CITY HA,0,0,0,0,0,0,0,0
MN,77,0126,LONG PRAIRIE,0,0,0,0,0,0,0,0
MN,77,0135,LONG PRAIRIE TWP,0,0,0,0,0,0,0,0
MN,77,0150,REYNOLDS TWP,0,0,0,0,0,0,0,0
MN,77,8078,ISD NO. 787 BROWERVILLE,0,0,0,0,0,0,0,0
MN,79,9695,ISD 535 - ORONOCO CITY HALL,0,0,0,0,0,0,0,0
MN,79,9696,ISD 811 ST AGNES CHURCH HALL,0,0,0,0,0,0,0,0
MN,79,9697,ISD 811 GREENFIELD TOWNSHIP HALL,0,0,0,0,0,0,0,0
MN,79,9698,ISD 811 WABASHA CITY HALL,0,0,0,0,0,0,0,0
MN,81,0080,WASECA W-1 P-A,0,0,0,0,0,0,0,0
MN,81,0090,WASECA W-2 P-A,0,0,0,0,0,0,0,0
MN,81,8716,ISD NO. 2835 JANESVILLE-WALDORF-PEMBERTON,0,0,0,0,0,0,0,0
MN,82,0200,MAHTOMEDI P-1,0,0,0,0,0,0,0,0
MN,82,0205,MAHTOMEDI P-2,0,0,0,0,0,0,0,0
MN,82,0285,ST. PAUL PARK P-1,0,0,0,0,0,0,0,0
MN,82,0290,ST. PAUL PARK P-2,0,0,0,0,0,0,0,0
MN,82,0295,ST. PAUL PARK P-3,0,0,0,0,0,0,0,0
MN,82,8136,ISD 2144 - LINDSTROM COMMUNITY CENTER,0,0,0,0,0,0,0,0
MN,82,8144,ISD 834 P01 - SHEPHERD OF THE VALLEY LUTHERAN,0,0,0,0,0,0,0,0
MN,82,8145,ISD 834 P08 - LAKELAND CITY HALL,0,0,0,0,0,0,0,0
MN,82,8146,ISD 834 P11 - ST PAUL LUTHERAN CHURCH,0,0,0,0,0,0,0,0
MN,82,8148,ISD 834 P12 - TRINITY LUTHERAN CHURCH,0,0,0,0,0,0,0,0
MN,82,8150,ISD 834 P10 - STILLWATER TOWNSHIP TOWN HALL,0,0,0,0,0,0,0,0
MN,82,8151,ISD 834 P15 - WEST LAKELAND TWP TOWN HALL,0,0,0,0,0,0,0,0
MN,82,8154,ISD 834 P09 - OAK PARK HEIGHTS CITY HALL,0,0,0,0,0,0,0,0
MN,82,8155,ISD 834 P02 - BAYPORT FIRE DEPARTMENT,0,0,0,0,0,0,0,0
MN,82,8156,ISD 834 P03 - BAYTOWN COMMUNITY CENTER,0,0,0,0,0,0,0,0
MN,82,8157,ISD 834 P04 - WOODBURY LUTHERAN CHURCH OAK HILL,0,0,0,0,0,0,0,0
MN,82,8158,ISD 834 P05 - MAY TOWNSHIP TOWN HALL,0,0,0,0,0,0,0,0
MN,82,8159,ISD 834 P06 - LAKE ELMO FIRE STATION 1,0,0,0,0,0,0,0,0
MN,82,8187,ISD 833 P10 - WOODBURY BAPTIST CHURCH,0,0,0,0,0,0,0,0
MN,82,8188,ISD 833 P11 - WOODBURY HIGH SCHOOL,0,0,0,0,0,0,0,0
MN,82,8189,ISD 833 P17 - LAKE MIDDLE SCHOOL,0,0,0,0,0,0,0,0
MN,82,8190,ISD 833 P19 - LIBERTY RIDGE ELEMENTARY SCHOOL,0,0,0,0,0,0,0,0
MN,82,8191,ISD 833 P08 - NEWPORT CITY HALL,0,0,0,0,0,0,0,0
MN,82,8999,ISD 834 P14 - OUR SAVIORS LUTHERAN CHURCH,0,0,0,0,0,0,0,0
MN,82,9356,ISD 834 P13 - STILLWATER EVANGELICAL FREE CHURCH,0,0,0,0,0,0,0,0
MN,82,9385,ISD 833 P21 - EAST RIDGE HIGH SCHOOL,0,0,0,0,0,0,0,0
MN,82,9387,ISD 833 P01 - PARK HIGH SCHOOL,0,0,0,0,0,0,0,0
MN,82,9388,ISD 833 P02 - COTTAGE GROVE MIDDLE SCHOOL,0,0,0,0,0,0,0,0
MN,82,9389,ISD 833 P03 - CRESTVIEW ELEMENTARY SCHOOL,0,0,0,0,0,0,0,0
MN,82,9390,ISD 833 P04 - DISTRICT 833 SERVICE CENTER,0,0,0,0,0,0,0,0
MN,82,9391,ISD 833 P05 - COTTAGE GROVE SERVICE CENTER,0,0,0,0,0,0,0,0
MN,82,9392,ISD 833 P06 - NATIONAL GUARD ARMORY,0,0,0,0,0,0,0,0
MN,82,9393,ISD 833 P07 - PINE HILL ELEMENTARY SCHOOL,0,0,0,0,0,0,0,0
MN,82,9394,ISD 833 P12 - WOODBURY LUTHERAN CHURCH,0,0,0,0,0,0,0,0
MN,82,9395,ISD 833 P13 - NEW LIFE CHURCH,0,0,0,0,0,0,0,0
MN,82,9396,ISD 833 P14 - BAILEY ELEMENTARY SCHOOL,0,0,0,0,0,0,0,0
MN,82,9397,ISD 833 P15 - KING OF KINGS LUTHERAN CHURCH,0,0,0,0,0,0,0,0
MN,82,9398,ISD 833 P16 - RED ROCK ELEMENTARY SCHOOL,0,0,0,0,0,0,0,0
MN,82,9399,ISD 833 P18 - VALLEY CROSSING ELEMENTARY SCHOOL,0,0,0,0,0,0,0,0
MN,82,9400,ISD 833 P20 - FIVE OAKS COMMUNITY CHURCH,0,0,0,0,0,0,0,0
MN,82,9495,ISD 834 P17 - BROOKVIEW ELEMENTARY SCHOOL,0,0,0,0,0,0,0,0
MN,82,9605,"ISD 200 CP-5 ST JOHN'S LUTHERAN CHURCH, HASTINGS",0,0,0,0,0,0,0,0
MN,82,9751,ISD 834 P07 - LAKE ELMO CITY HALL,0,0,0,0,0,0,0,0
MN,82,9752,ISD 834 P16 - ST JOHN LUTHERAN CHURCH,0,0,0,0,0,0,0,0
MN,83,8806,PRECINCT ONE,0,0,0,0,0,0,0,0
MN,83,8807,ISD 836 - ODIN PUBLIC SCHOOL,0,0,0,0,0,0,0,0
MN,84,0005,AKRON TWP.,0,0,0,0,0,0,0,0
MN,84,0015,ATHERTON TWP.,0,0,0,0,0,0,0,0
MN,84,0075,DEERHORN TWP.,0,0,0,0,0,0,0,0
MN,84,0100,MANSTON TWP.,0,0,0,0,0,0,0,0
MN,84,0110,MITCHELL TWP.,0,0,0,0,0,0,0,0
MN,84,0125,PRAIRIE VIEW TWP.,0,0,0,0,0,0,0,0
MN,84,0130,ROBERTS TWP.,0,0,0,0,0,0,0,0
MN,84,0135,ROTHSAY CITY,0,0,0,0,0,0,0,0
MN,84,0145,TANBERG TWP.,0,0,0,0,0,0,0,0
MN,84,0150,WOLVERTON CITY,0,0,0,0,0,0,0,0
MN,84,0155,WOLVERTON TWP.,0,0,0,0,0,0,0,0
MN,84,8638,ISD 850 ROTHSAY,0,0,0,0,0,0,0,0
MN,85,8362,ALTURA CITY HALL,0,0,0,0,0,0,0,0
MN,85,8363,LEWISTON CITY HALL,0,0,0,0,0,0,0,0
MN,86,8651,ISD #877 P1  - BUFFALO COVENANT CHURCH - WRIGHT CO,0,0,0,0,0,0,0,0
MN,86,8652,ISD #877 P2 -  MONTROSE COMMUNITY CENTER - WRIGHT,0,0,0,0,0,0,0,0
MN,86,8653,ISD 877 - HANOVER CITY HALL,0,0,0,0,0,0,0,0
MN,86,8753,ISD 2687 HOWARDLAKEWAVERLYWINSTED,0,0,0,0,0,0,0,0
MN,86,9851,ISD #2687 WAVERLY CITY HALL,0,0,0,0,0,0,0,0
